clavy_id,"nombre","recursos","género","fechas asociadas al nombre"
59402,"Parellada, Pablo","1","Hombre","1855-1944"
59408,"Cuenca, Carlos Luis de","2","Hombre","1849-1927"
59412,"Leyda, Rafael","1","Hombre","1870-1916"
59413,"Serrano de la Pedrosa, Francisco","2","Hombre",
59419,"Estevan, Enrique","1","Hombre","1849-1927"
59420,"Servet, Miguel","1","Hombre","1511-1553"
59421,"Gener, Pompeyo","2","Hombre","1848-1920"
59423,"López-Roberts, Mauricio","2","Hombre","1873-1940"
59429,"Urbano, Ramón A.","1","Hombre","1865-1913"
59466,"Ribera i Rovira, Ignasi","1","Hombre","1880-1942"
59467,"Strindberg, August","1","Hombre","1849-1912"
59471,"Arrieta, Emilio","1","Hombre","1821-1894"
59472,"Agramonte, Francisco","1","Hombre","1888-1966"
59490,"Pestaña, Ángel","1","Hombre","1886-1937"
59492,"Balbontín, José Antonio","1","Hombre","1893-1977"
59494,"Sediles, Salvador","2","Hombre","1897-1936"
59497,"Guzmán, Eduardo de","2","Hombre","1908-1991"
59508,"Frollo, Claudio","2","Hombre","1874-1923"
59510,"Fernández Villegas, Francisco","2","Hombre","1856-1916"
59516,"Vallejo, Mariano","1","Hombre",
59518,"Ferrándiz, José","2","Hombre","1853-1927"
59520,"Mestres, Apeles","1","Hombre","1854-1936"
59526,"Bonnat, Agustín R.","1","Hombre","1875-1925"
59528,"Ugarte, Manuel","4","Hombre","1874-1951"
59529,"Nazarli, G.","1",,
59531,"Madarasz, E.","1","Hombre",
59533,"Kosinka, Grigorìp","1","Hombre",
59535,"Ayni, Sadreddine","1",,
59537,"Falcón, César","2","Hombre","1892-1970"
59541,"Magre, Ramón","2","Hombre",
59542,"Franco, Ramón","1","Hombre",
59543,"Mistral, Emilio","1","Hombre",
59544,"Jiménez, Antonio","1","Hombre",
59553,"Gómez-Lobo, Arturo","1","Hombre",
59557,"Santacruz, Pascual","2","Hombre",
59564,"Fabra i Deàs, Nilo María","3","Hombre",
59566,"Calderón de la Barca, Pedro","1","Hombre","1600-1681"
59567,"Martínez Ruiz, José","2","Hombre","1873-1967"
59568,"Dorregaray y Dominguera, Antonio","1","Hombre","1823-1882"
59569,"Martínez Baldrich, Roberto","5","Hombre","1895-1959"
59570,"Fontanals, Laureà","1","Hombre","1870-1956"
59571,"Cavia, Mariano de","2","Hombre","1855-1920"
59572,"Ortíz de Pinedo, José","2","Hombre","1880-1959"
59573,"Gardiner, Fanny Hale","1","Mujer",
59574,"Fernández, León","1",,
59575,"Rouardt-Valéry, Agathe","1","Mujer","1906-"
59576,"Burguete, Ricardo","1","Hombre","1871-1937"
59577,"Gómez Restrepo, Antonio","1",,"1869-1947"
59578,"Goya y Lucientes, Francisco de","3","Hombre","1746-1828"
59579,"Carayon, Marcel","1","Hombre",
59580,"Paso Díaz, Antonio","6","Hombre","1895-1966"
59581,"Dicenta Alonso, Joaquín","9","Hombre","1893-1967"
59582,"Penella, Manuel","1","Hombre","1880-1939"
59583,"San Alejo de Roma","1","Hombre",
59584,"Menéndez Pelayo, Enrique","1","Hombre",
59585,"Zumalacárregui, Tomás de","1","Hombre","1788-1835"
59586,"Iparraguirre, José María de","1","Hombre","1820-1881"
59587,"Stoutz, Andrée de","1","Hombre",
59588,"Togores, José de","1","Hombre",
59589,"Muñoz San Román, José","2","Hombre","1876-1954"
59597,"Montero, Eladio","1","Hombre","1870-1938"
59606,"Losada, Juan Miguel de","1","Hombre","m. 1856"
59607,"Sarfatti, Margherita","1","Mujer",
59608,"Alvarado Quiros, Alejandro","1","Hombre","1876-1945"
59609,"López, José Francisco","1","Hombre",
59610,"Mata Hari","2","Mujer","1876-1917"
59611,"Loyola, Ignacio de","2","Hombre","1491-1556"
59612,"Velázquez, Diego","3","Hombre","1599-1660"
59613,"Prina, Paul","1","Hombre",
59615,"Turina, Joaquín","2","Hombre",
59617,"Hernández, José","2","Hombre","1834-1886"
59618,"Candelas, Luis","1","Hombre","1804-1837"
59619,"Jiménez, Juan Ramón","1","Hombre",
59620,"Álvarez Peña, Carlos M.","1","Hombre",
59621,"Penagos, Rafael de","5","Hombre","1889-1954"
59631,"Valencia, Carolina","3","Mujer","1860-1954"
59633,"Valera Sartorio, Eulogio","2","Hombre","1868-1955"
59635,"Mira, A.","1",,
59636,"López-Marín, Enrique","3","Hombre","1868-1918"
59639,"Ramos de la Vega, Lola","4","Mujer",
59640,"Vivas, Julián","2","Hombre",
59642,"Hildegart","2","Mujer","1914-1933"
59643,"Guerrero, María","1","Mujer","1867-1928"
59645,"Sáez de Melgar, Faustina","10","Mujer","1834-1895"
59653,"San Francisco Javier","2","Hombre","1506-1552"
59654,"Martindale, C. C.","1",,
59655,"Valle-Inclán, Ramón del","2","Hombre","1866-1936"
59656,"Lerroux, Alejandro","2","Hombre","1864-1949"
59657,"Alomar, Gabriel","4","Hombre","1873-1941"
59658,"Parada León, Ricardo","1","Hombre",
59659,"Ochoa, Enrique","6","Hombre","1891-1978"
59660,"Leiva Ramírez de Arellano, Francisco","1","Hombre","1630-1676"
59661,"García Morente, Manuel","1","Hombre","1886-1942"
59662,"García Cabral, Ernesto","1","Hombre","1890-1968"
59663,"Rahola, Darío","1","Hombre","-m. 1940"
59664,"Borjas, Ángel de","1","Hombre",
59665,"Jiménez de Cisneros, Francisco","1","Hombre","1436?-1517"
59666,"Ferrant, Ángel","1","Hombre","1891-1961"
59667,"Ruiz Picasso, Pablo","1","Hombre","1881-1973"
59668,"Menéndez, Alejandro","1","Hombre",
59669,"Porrúa, Antonio","1","Hombre",
59670,"Matos Fragoso, Juan de","1","Hombre","1608-1689"
59671,"Gamboa, Nicolás de","1","Hombre",
59672,"Pasamonte, Jerónimo de","2","Hombre","(1553- d.1605)"
59673,"Luceño, Tomás","2","Hombre","1844-1933"
59674,"Murguía, Manuel","1","Hombre","1833-1923"
59675,"Barcia Caballero, Juan","1","Hombre",
59676,"Vázquez Díaz, Daniel","2","Hombre","1882-1969"
59677,"Keniston, Hayward","1","Hombre",
59678,"Gutiérrez Alfaro, Antonio","1","Hombre",
59679,"Montoto, Luis","1","Hombre","1851-1929"
59680,"Amboury, Helda","1","Mujer",
59681,"Borrás, Enrique","1","Hombre",
59682,"Armiñán, Luis de","1","Hombre",
59683,"Aguado de las Marismas, Alejandro María","1","Hombre","1784-1842"
59686,"Seisdedos, Miguel R.","4","Hombre",
59689,"Lujambio, Juan","1",,
59690,"Amador, Antonio","1",,
59695,"Barthe, Fortunato","1","Hombre","1885-1962"
59697,"Guyot, Esther","1","Mujer",
59698,"Ferres Catalá, Eduardo","1",,
59702,"González de la Cámara, José","1","Hombre",
59705,"Pi y Margall, Francisco","1","Hombre",
59706,"Abelardo, Pedro","1","Hombre","1079-1142"
59707,"Seguí, Salvador","2","Hombre","1886-1923"
59711,"Endériz,  Ezequiel","1","Hombre","1889-1951"
59713,"Karr, Alfonso","1",,
59714,"Díez, Galo","1","Hombre",
59716,"Puig y Ferrater, Juan","1","Hombre",
59720,"Somoza Silva, Lázaro","1","Hombre",
59724,"Río del Val, José del","1","Hombre",
59726,"Marsa, Ángel","1","Hombre",
59732,"Dragomanov, Mykhailo","1","Hombre","1841-1895"
59733,"Machado, Augusto","1","Hombre",
59736,"Leval, Gastón","1",,
59739,"Andréiev, Leonid","1","Hombre","1871-1919"
59741,"Alaiz, Felipe","1",,
59742,"Marx, Karl","1","Hombre","1818-1863"
59746,"Martínez Carrasco, Alfonso","1","Hombre",
59747,"Pintado, Fernando","1","Hombre",
59752,"Quemades, Salvador","1","Hombre",
59756,"Samblancat, Ángel","3","Hombre","1885-1963"
59757,"Moya del Pino, José","1","Hombre","1891-1969"
59758,"Varela de Seijas, Enrique","5","Hombre","18??-1930"
59779,"Urales, Federico","1","Hombre","1864-1942"
59780,"García Segura, Elías","4","Hombre",
59783,"Úbeda, Rogelio","2","Hombre",
59787,"Brandao, Raúl","1","Hombre",
59789,"Tolstoi, León","2","Hombre","1828-1910"
59793,"Zola, Émile","1","Hombre","1840-1902"
59794,"Boixader, Francisco F.","1","Hombre",
59797,"Bel, Gil","1",,
59798,"Chueca, José","1",,
59800,"Polanco, Abraham","1","Hombre",
59805,"Gorki, Máximo","2","Hombre","1868-1936"
59807,"Guillén, Pascual","1",,
59811,"Pi y Arsuaga, Francisco","1","Hombre","1865-1912"
59814,"Gros, Julio","1","Hombre",
59815,"Perea, Alfredo","2","Hombre","1839-1895"
59821,"García y Barbarín, Eugenio","1","Hombre",
59823,"Torromé, Rafael","1","Hombre","1861-1924"
59826,"Álvarez y Álvarez, Fernando","1","Hombre",
59830,"Aguirre Ibáñez, Rufino","1","Hombre",
59834,"Garrán, Enrique","2","Hombre",
59847,"Escudero, Luisa","1","Mujer",
59849,"Caballero, Fernán","1","Mujer","1796-1877"
59855,"Domingo Soler, Amalia","1","Mujer","1835-1909"
59856,"Anguiz, Antonio","1","Hombre",
59857,"Baró, Teodoro","1","Hombre","1842-1916"
59863,"Antequera Azpiri, Pedro","2","Hombre","1892-1975"
59866,"Galván","1",,
59869,"Palma, Angélica","1","Mujer","1878-1935"
59874,"Bielyk","1",,
59876,"Grave, Jean","1","Hombre","1854-1939"
59879,"Bolinaga, Josefina","4","Mujer",
59881,"Helguera, Jesús de la","2","Hombre","1910-1971"
59883,"Pedrero, Mariano","1","Hombre","1865-1927"
59886,"Fatou Lucas, Francisco","1","Hombre",
59890,"Heredia de Azcona, María","1","Mujer",
59892,"Groizard, Pedro","1","Hombre",
59894,"Vigil, Constancio C.","1","Hombre",
59895,"Abril, Manuel","8","Hombre","1884-1940"
59898,"Renau, Josep","1","Hombre","1907-1982"
59902,"Climent, Enrique","3","Hombre","1897-1980"
59904,"Treves Tedeschi, Virginia","2","Mujer",
59909,"Trujillo, Federico","3","Hombre",
59911,"Icaza de Briceño, María Magdalena de","1","Mujer",
59914,"Treceño, Anastasio M.","1","Hombre",
59915,"Laporta, Francisco","1","Hombre","1850-1914"
59917,"Muiños Sáenz, Conrado","1","Hombre","1858-1913"
59918,"Taberner, Luis","1","Hombre","1844-1900"
59922,"Perrault, Charles","4","Hombre","1628-1703"
59927,"Esplandiu, Juan","1","Hombre","1901-1978"
59932,"Ceballos Quintana, Enrique","2","Hombre",
59934,"Mühlen, Herminia Zur","2","Mujer","1883-1951"
59936,"Cea de Torres, Adolfo","1","Hombre",
59937,"D. V. y C.","1",,
59938,"C. G.","1",,
59942,"A. C.","1",,
59943,"Aller Soto, Felicísimo","1","Hombre","1926-"
59944,"Puyol, R.","4",,
59945,"Villacañas Palomo, Beatriz","1","Mujer",
59958,"Vilanova y Pizcueta, Francisco de P.","1","Hombre","n. 1859"
59959,"Campflorit, C. E. de","1",,
59980,"Lozano y Rey, Luis","1","Hombre","1879-1958"
59981,"Ruiz Ferry, Ricardo","1","Hombre","(1879-1956)"
59984,"Mulder, Elisabeth","27","Mujer","(1904-1987)"
59985,"Buck, Pearl S.","1","Mujer",
59989,"Up de Graff, F. W.",0,"Hombre","(1873-1927)"
59994,"Nesbit, E.","1","Mujer","1858-1924"
59995,"Sopena, Ramón","1","Hombre","1867-1932"
59996,"Fraga, María Jesús","3","Mujer","1947-"
60003,"Oteyza, Luis de","3","Hombre","1883-1961"
60007,"Monasterios, J.O.","1",,
60008,"Segovia, Gertrudis","2","Mujer",
60009,"Quinn, Elisabeth Vernon","1","Mujer",
60012,"López Lapuya, Isidoro","2","Hombre",
60014,"Par, Anfòs","1","Hombre","1879-1936"
60021,"Miquel y Planas, Ramón","1","Hombre","1874-1950"
60024,"Ureta, Alberto","1","Hombre","1885-1966"
60028,"Mesa López, Rafael","2","Hombre",
60032,"Gil-Albert, Juan","1","Hombre","1904-1994"
60034,"León, Ricardo","33","Hombre","1877-1943"
60040,"Britton, Harold Hudson","1","Hombre",
60041,"Albaladejo, José M.","1","Hombre",
60056,"Sassone, Felipe","30","Hombre","1884-1959"
60071,"Izquierdo Corral, Pedro","1","Hombre",
60073,"Campoamor, Ramón de","2","Hombre","1817-1901"
60079,"Ferrán y Forniés, Augusto","3","Hombre","1835-1880"
60083,"Funes, Enrique","1","Hombre","1851-1904"
60086,"Muñoz, Isaac","4","Hombre","1881-1925"
60093,"Pérez, Dionisio","7","Hombre","1871-1935"
60095,"Echegaray, José de","6","Hombre","1832-1916"
60097,"Nola, Roberto de","1","Hombre","S.XV"
60103,"Maseras, Alfons","1","Hombre","1884-"
60108,"Rusiñol, Santiago","6","Hombre","1861-1931"
60112,"Gardner, May","1","Mujer",
60113,"Owen, Arthur Leslie","2","Hombre","1885-"
60115,"Álvarez Quintero, Joaquín","6","Hombre","1873-1944"
60116,"Boscán, Juan","1","Hombre","d. 1542."
60117,"Vega, Garcilaso de la","1","Hombre","1503-1536"
60120,"Alvarez Quintero, Serafín","6","Hombre","1871-1938"
60121,"Turrell, Charles Alfred","1","Hombre",
60125,"Torres Bernal, José de","4","Hombre",
60137,"Aparicio, Manuel J.","1","Hombre",
60140,"Sarrailh, Jean","1","Hombre","1891-1964"
60144,"Urrabieta Vierge, Daniel","1","Hombre","1851-1904"
60156,"Vivero, Augusto","10","Hombre","1879-1939"
60157,"Villa, Antonio de la","1","Hombre","1881-1963"
60160,"Ford, Richard","1","Hombre","1796-1858"
60162,"Wencker, Friedrich","1","Hombre","1896-1970"
60169,"Ruiz Martínez, Cándido","1","Hombre","(n. 1862)"
60174,"Pagano, José León","1","Hombre","1875-1965"
60176,"Más y Laglera, José","14","Hombre","1885-1941"
60180,"González Olmedilla, Juan","2","Hombre","1893-"
60181,"Unamuno, Miguel de","3","Hombre","1864-1936"
60182,"Hood, George W.","1","Hombre",
60187,"Saavedra Rivas, Ángel de","3","Hombre","1791-1865"
60210,"García Carraffa, Arturo","8","Hombre","1885-"
60220,"López de Haro, Rafael","10","Hombre","1876-1967"
60228,"Ingraham, Edgar Shugert","1","Hombre","1876-"
60230,"López Alarcón, Enrique","7","Hombre","1881-1948"
60241,"Fernández-Flórez, Wenceslao","20","Hombre","1885-1964"
60244,"Gutiérrez González, Gregorio","2","Hombre","1826-1872"
60247,"Jurado de la Parra, José","1","Hombre","1856-1943"
60252,"Fernández de la Fuente, Manuel","1","Hombre",
60259,"González Anaya, Salvador","12","Hombre","1879-1955"
60301,"Gálvez, Manuel","1","Hombre","1882-1962"
60313,"Andeyro del Castillo, Eduardo","1","Hombre",
60329,"Aguilar y Tejera, Agustín","2","Hombre","1890-"
60331,"Castro, Cristóbal de","22","Hombre","1880-1953"
60350,"England, George Allan","1","Hombre","1877-1937"
60366,"Donoso, Armando","1","Hombre","1887-1946"
60371,"Ruiz de la Serna, Enrique","2","Hombre",
60373,"Barriobero y Herrán, Eduardo","13","Hombre","1877-1939"
60384,"Sepúlveda, Ricardo","1","Hombre","1846-1909"
60394,"Cucala y Boix, José","1","Hombre",
60396,"Rentero, Manuel Genaro","1","Hombre","d. 1894"
60398,"Medel, Ángel","1","Hombre",
60400,"Sánchez Pérez, Antonio","1","Hombre","1838-1912"
60402,"Solas, Pedro Jesús","1","Hombre","1852-"
60404,"Araujo, Carlos","1","Hombre","1856-1925"
60406,"Guillén, Eduardo","1","Hombre",
60419,"González-Blanco, Pedro","6","Hombre","1879-1961"
60437,"Faure, Élie","1","Hombre","1873-1937"
60439,"Pérez de Guzmán, Juan","1","Hombre","1841-1928"
60469,"Escalante y Prieto, Amós de","1","Hombre","1831-1902"
60495,"Blasco, Ricardo","1","Hombre","1852-1917"
60500,"Brea, Manuel","1","Hombre",
60503,"Serrano, José","6","Hombre","1873-1941"
60504,"Chueca, Federico","4","Hombre","1846-1908"
60506,"Acuña y Villanueva, Rosario de","11","Mujer","1850-1923"
60507,"Canalejas, Federico","2","Hombre",
60508,"Barraycoa, Francisco","1","Hombre",
60513,"Quislant, Manuel","2","Hombre","1871-1949"
60515,"Medina, Vicente","3","Hombre","1866-1937"
60522,"Álvarez García, Rafael","3","Hombre",
60523,"González del Castillo, Emilio","2","Hombre","1883-1940"
60524,"Pérez López, José","2","Hombre",
60526,"Badía, Pedro","1","Hombre",
60529,"Álvarez López, Enrique","1","Hombre",
60530,"Azara, Félix de","1","Hombre","1746-1821"
60537,"Faure, Sébastien","1","Hombre","1858-1942"
60539,"Delgado, Teodoro",0,"Hombre",
60542,"Colorado, Vicente","1","Hombre",
60547,"Lejárraga, María","7","Mujer","1874-1974"
60548,"Kœckert","1",,
60551,"Praga, Marco","2","Hombre","1862-1929"
60553,"Arniches, Carlos","17","Hombre","1866-1943"
60556,"Chapí, Ruperto","29","Hombre","1851-1909"
60564,"Astray Reguera, Margarita","1","Mujer","1885-1936"
60567,"Berr, Georges","1","Hombre","1867-1942."
60570,"Foglietti Alberola, Luis","2","Hombre","1877-1918"
60573,"Gavault, Paul","1","Hombre","1867-1951"
60574,"Dotesio, Carlos","3","Hombre",
60576,"Beaumarchais, Pierre Augustin Caron de","1","Hombre","1732-1799"
60577,"Borragán de Alonso, María Teresa","2","Mujer","1889-1961"
60583,"Castilla, Vicente","2","Hombre",
60585,"Alberti, José Ignacio de","2","Hombre",
60590,"López Acebal, Francisco","8","Hombre","1866-1933"
60592,"Morera, Enric","2","Hombre","1865-1942"
60593,"Castro, Eugenio de","2","Hombre","1869-1944"
60595,"García y García, Joaquín","1","Hombre",
60597,"Altolaguirre Álvarez, Manuel","1","Hombre","1864-1910"
60600,"González Palomares, Joaquín","1","Hombre",
60601,"Blasco, Eusebio","1","Hombre","1844-1903"
60605,"Brull y Ayerra, Apolinar","3","Hombre","1845-1905"
60615,"Merlo, Antonio","3","Hombre",
60616,"Pedro, Valentín de","5","Hombre","1896-1966"
60617,"Prévost, Antoine François","1","Hombre","1697-1763"
60622,"Goldoni, Carlo","1","Hombre","1707-1793"
60639,"Asensio Navarro, Santos L.","1","Hombre",
60650,"López del Toro, Emilio","1","Hombre","1873-?"
60652,"Font y de Anta, Manuel","1","Hombre","1895-1936"
60653,"Pérez Giralde, Ismael","1","Hombre","1872-"
60657,"Camba, Francisco","7","Hombre","1882?-1947"
60659,"Cuenca, Adolfo","1","Hombre",
60664,"Sinués de Marco, María del Pilar","36","Mujer","1835-1893"
60670,"Fuente, Ricardo","3","Hombre","1870-1925"
60676,"Guillén, Alberto","1","Hombre","1897-1935"
60681,"Hostench, Francisco","1","Hombre",
60690,"Fernández Flórez, Isidoro","2","Hombre","1840-1902"
60723,"López Martín, Fernando","1","Hombre",
60733,"Santiago Fuentes, Magdalena de","3","Mujer","1873-1922"
60735,"Cervantes Saavedra, Miguel de","4","Hombre","1547-1616"
60738,"San José, Diego","7","Hombre","1884-1962"
60748,"Tapia, Luis de","4","Hombre","1871-1937"
60755,"Díez de Tejada, Vicente","3","Hombre","1872-1940"
60770,"Sánchez Prieto, Julián","1","Hombre","1886-1979"
60774,"Urbano, Rafael","3","Hombre","1870-1924"
60785,"Rucabado, Ramón","1","Hombre","1886-"
60786,"Farrán, Jaime","1","Hombre",
60793,"López Núñez, Juan","1","Hombre",
60803,"Heine, Heinrich","2","Hombre","1797-1856"
60807,"Goldberg, Isaac","1","Hombre","1887-1938"
60809,"McMichael, Charles B.","1","Hombre","b. 1850"
60811,"Salterain Herrera, Eduardo de","1","Hombre","b. 1892."
60826,"Sánchez Díaz, Ramón","1","Hombre","1869-1960"
60828,"Ramón y Cajal, Santiago","1","Hombre","1852-1934"
60833,"Torres, Carlos Arturo","1","Hombre","1867-1911"
60839,"Santos Chocano, José","2","Hombre","1875-1934"
60840,"Romero de Torres, Julio","1","Hombre","1874-1930"
60851,"Alcaide de Zafra, Angelina","1","Mujer","1891-"
60853,"Simarro y Lacabra, Luis","1","Hombre","1851-1921"
60854,"Torralva Beci, Eduardo","3","Hombre","1881-1929"
60857,"Guerrero y Pallarés, Teodoro","1","Hombre","1824-1904"
60858,"Pérez Nieva, Alfonso","2","Hombre",
60866,"Händel, Georg Friedrich","2","Hombre","1685-1759"
60868,"Cheix Martínez, Isabel","1","Mujer","1839-1899"
60870,"Zuloaga, Ignacio","1","Hombre","1870-1945"
60873,"Espinosa, Aurelio Macedonio","2","Hombre","1880-1958"
60875,"Knapp, William Ireland","1","Hombre","1835-1908."
60879,"Díaz Sánchez, Francisco","1","Hombre",
60881,"Quijano Otero, José María","1","Hombre",
60882,"López, Manuel Antonio","1","Hombre","1803-1891"
60884,"Pautet, Louis","1","Hombre","1862-"
60896,"Ballesteros de Martos, Antonio","1","Hombre",
60898,"Popper-Lynkeus, Josef","1","Hombre","1838-1921"
60899,"Pérez de Zúñiga, Juan","17","Hombre","1860-1938"
60902,"Carlyle, Thomas","1","Hombre","1795-1881"
60911,"Cantó, Gonzalo","1","Hombre","1859-1931"
60916,"Fabela, Isidro","1","Hombre","1882-1964"
60920,"García Álvarez, Enrique","50","Hombre","1873-1931"
60921,"Blacam, Hugh de","1","Hombre","1891-1951"
60923,"Dantas, Julio","3","Hombre","1876-1962"
60925,"Abati, Joaquín",0,"Hombre",
60935,"Flaten, Nils","1","Hombre","1867-1947"
60938,"Torres-Rioseco, Arturo","1","Hombre","1897-"
60962,"Miranda, Carlos","1","Hombre","1868-"
60968,"Ugarte y Pagés, Francisco Javier","1","Hombre","1852-1919"
60972,"Bunge, Carlos Octavio","1","Hombre","1875-1918"
60974,"Godoy, Ramón de","1","Hombre","1867-1917"
60978,"Zayas, Antonio de","5","Hombre","1871-1945"
60980,"Jonson, Ben","1","Hombre","1573?-1637"
60987,"Goy de Silva, Ramón","8","Hombre","1883-1962"
60990,"Briceño, Olga","2","Mujer",
60996,"Chacón Ferral, Antonio","1","Hombre","1868-1929"
61000,"Cordero, Juan Luis","1","Hombre","1882-1955"
61004,"Balseiro, José Agustín","1","Hombre","1900-1991"
61009,"Fastenrath, Johannes","2","Hombre","1839-1908"
61014,"Dante Alighieri","2","Hombre","1265-1321"
61019,"Cortina, R. Díez de la","3",,"1859-"
61020,"Pérez Escrich, Enrique","3","Hombre","1829-1897"
61024,"Marquina, Rafael","9","Hombre","1887-1960"
61028,"Heras, Antonio","6","Hombre",
61030,"Bello, Luis","4","Hombre","1872-1935"
61033,"Clascar, Frederic","1","Hombre","1873-1919"
61037,"Serrano de Xandri, Leonor","1","Mujer","1890-1942"
61039,"Cortés, Hernán","1","Hombre","1485-1547"
61041,"Gil, Ricardo","2","Hombre","1853-1907"
61054,"Maristany, Fernando","1","Hombre",
61064,"Nadal, Alfonso","1","Hombre","1886-1943"
61066,"Morgan, Charles","3","Hombre","1894-1958"
61068,"Santainés, Simón","1","Hombre",
61070,"Bertrán, Luis Ignacio","1","Hombre",
61076,"Durán, Fernando","1","Hombre",
61078,"Vega, J.","1","Hombre",
61080,"Monguió, María Teresa","1","Mujer",
61082,"Rabinad, Antonio","1","Hombre","1927-2009"
61083,"Martínez Sagi, Ana María","3","Mujer","1907-2000"
61084,"Ferran de Pol, Lluís","1","Hombre",
61086,"Naveira, Rosa S. de","1","Mujer",
61088,"Potons, Paul L.","1","Hombre",
61093,"Rabadán, Aroa","2","Mujer",
61094,"Palenque, Marta","1","Mujer",
61095,"González Soriano, José Miguel","1","Hombre",
61102,"Correa Román, Marta","1","Mujer",
61103,"Duhamel, Georges","1","Hombre","1884-1966"
61116,"Genaille, Robert","3","Hombre",
61129,"Commeleran, Joan",0,"Hombre","1902-1992"
61137,"Serrano Plaja, Arturo","7","Hombre","1909-1979"
61138,"García Pavón, Francisco",0,"Hombre","1919-1989"
61139,"Larrea, Juan","3","Hombre","1895-1980"
61140,"Buñuel, Luis","5","Hombre","1900-1983"
61145,"Mihura, Miguel",0,"Hombre","1905-1977"
61147,"Calvo-Sotelo, Luis Emilio",0,"Hombre",
61149,"Bardem, Juan Antonio",0,"Hombre","1922-2002"
61151,"García Berlanga, Luis",0,"Hombre","1921-2010"
61153,"Wilde, Oscar","1","Hombre","1854-1900"
61155,"Dostoevskiï, Fiodor Mijaïlovich","1","Hombre","1821-1881"
61157,"Nonell Masjuan, Carmen",0,,"1915-"
61163,"Angulo, Julio","1","Hombre","1902-1967"
61167,"Castelucho, Antonio","1","Hombre","1835-1910"
61169,"Comenge, Luis","1","Hombre",
61170,"Nogales Hidalgo, Manuel",0,"Hombre",
61171,"Eriz, Pedro","1","Hombre","1851-1901"
61172,"Serrada Hierro, Jesús",0,"Hombre",
61177,"Fernández Grajal, Manuel","1","Hombre","1838-1920"
61178,"Fernández Grajal, Tomás","1","Hombre","1839-1914"
61180,"Opisso, Ricard","2","Hombre","1880-1966"
61185,"Marrero Morales, Miguel",0,"Hombre",
61186,"Chejov, Anton Pavlovich","2","Hombre","1860-1904"
61197,"Lawrence, T. E.","1",,"1888-1935"
61200,"Caula, Antonio de","1","Hombre","1847-?"
61202,"Gili i Roig, Baldomer","2","Hombre","1873-1927"
61204,"Shelley, Percy Bysshe","1","Hombre","1792-1822"
61207,"Keats, John","1","Hombre","1795-1821"
61213,"Ruck, Berta","1","Mujer","1878-1978"
61216,"Merrel, Concordia","1","Mujer","1886-1963"
61217,"Calderón, A.","1",,
61220,"Velacoracho, Carmen","1","Mujer",
61221,"Rackham, Arthur","1","Hombre","1867-1939"
61223,"Escoriaza, Teresa de","2","Mujer",
61224,"Icaza, Carmen de","1","Mujer",
61227,"Vian Herrero, Ana","1","Mujer",
61230,"Acremant, Germaine","1","Mujer","1889-1986"
61238,"Bagaría, Luis","1","Hombre","1882-1940"
61240,"Fernández Mota, Fernando","1","Hombre",
61241,"Lázaro Ros, Amando","1","Hombre","1886-1962"
61245,"Frank, Waldo David","2","Hombre","1889-1967"
61246,"Hernández Villaescusa, Modesto","1","Hombre","1869-1936"
61247,"Xaudaró, Joaquín","1","Hombre","1872-1933"
61248,"Franco, José María",0,"Hombre","1894-1971"
61249,"Mestre Moragas, Alberto","1",,"1896-1973"
61251,"Hortelano","1",,
61252,"Portero, Antonio",0,"Hombre",
61256,"Wells, H. G.","1","Hombre","1866-1946"
61257,"Arrufat Mestres, José","1","Hombre","1869-1913"
61259,"Coello, Carlos","1","Hombre","1850-1888"
61261,"Theotocopuli, Domenico","1","Hombre","1541-1614"
61263,"M., D. F. de","1",,
61264,"Cabas, José","1","Hombre","1879-1942"
61267,"Austen, Jane","1","Mujer","1775-1817"
61268,"Ors, Eugenio d'","27","Hombre","1881-1954"
61269,"Butler, Marilyn","1","Mujer","1937-2014"
61272,"Valdés, Juan de","1","Hombre","d. 1541"
61276,"Broun, May Heywood","1","Mujer",
61277,"Villalón, Cristóbal de","1","Hombre",
61280,"Arteta, Aurelio","1","Hombre","1879-1940"
61282,"López de Gomara, Justo","1","Hombre","1859-1923"
61283,"Lampérez y Romea, Vicente","1","Hombre","1861-1923"
61286,"Jaime I de Aragón","1","Hombre","1213-1276"
61287,"Grassi, Ángela","3","Mujer","1823-1883"
61288,"Arias Rodríguez del Valle, David","1","Hombre","1890-1975"
61289,"Maragall, Joan","1","Hombre","1860-1911"
61292,"Hervás y Panduro, Lorenzo","1",,
61298,"López, José Florencio","1","Hombre",
61303,"Leoz, Melitón","1","Hombre",
61304,"Carranza, Venustiano","1","Hombre","1859-1920"
61306,"Borbón, Paz de, Infanta de España","2","Mujer","1862-1946"
61307,"Calvo Roselló, Miguel","1","Hombre",
61308,"Albéniz, Laura","2","Mujer","1890-1944"
61311,"Teresa de Jesús, Santa","2","Mujer","1515-1582"
61312,"Bayo, Ciro","19","Hombre","1860-1939"
61314,"Gómez y Jalón, Pablo","1","Hombre","1842-?"
61316,"Borrás, Tomás","1","Hombre","1891-1976"
61317,"Gabaldón, Luis","1","Hombre","1869-1939"
61321,"Rubia Barcia, José","4","Hombre","1914-1997"
61323,"Sender, Ramón J.","2","Hombre","1901-1982"
61325,"Mata, Pedro","17","Hombre","1875-1946"
61326,"Vaquero, Eloy","4","Hombre","1888-1960"
61331,"Salaverría, José María","33","Hombre","1873-1940"
61335,"Oyarzábal, Isabel de","11","Mujer","1878-1974"
61338,"Garcitoral, Alicio","1","Hombre","1902-2003"
61340,"Guerra da Cal, Ernesto","10","Hombre","1911-1994"
61342,"García Pérez, Antonio","1","Hombre","1874-1950"
61344,"García Álvarez, Manuel","1","Hombre",
61345,"Giner de los Ríos García, Gloria","3","Mujer","1886-1970"
61346,"Rodríguez, Carlos",0,"Hombre","1963-"
61348,"García Lorca, Francisco","1","Hombre","1902-1976"
61350,"Otero Espasandín, José Rogelio","1","Hombre","1900-1987"
61352,"Pizarro Zambrano, Miguel","2","Hombre","1897-1956"
61354,"Rojas, Fernando de","1","Hombre","ca. 1475-1541"
61355,"Romero Serrano, Marina","7","Mujer","1908-2001"
61356,"Westermarck, Edward","1","Hombre","1862-1939"
61359,"Ghiraldo, Alberto","2","Hombre","1874-1946"
61360,"Bartra, Agustí","22","Hombre","1908-1982"
61362,"Casalduero Martí, Joaquín","4","Hombre","1903-1990"
61365,"Zamora y Pérez de Urría, Rafael","1","Hombre",
61367,"Carner-Ribalta, Josep","12","Hombre","1898-1988"
61369,"Clariana, Bernardo","6","Hombre","1912-1962"
61371,"Arenal, Concepción","23","Mujer","1820-1893"
61373,"Fernández Granell, Eugenio","6","Hombre","1912-2001"
61375,"Siles, José de","1","Hombre","1856-1911"
61376,"Girón Irueste, Enrique",0,"Hombre",
61379,"Arenas Gómez, Andrés",0,"Hombre",
61380,"Machado de Assis, Joaquim María","2","Hombre","1839-1908"
61382,"Underhill, John Garrett","3","Hombre","1876-1946"
61384,"Quiles Faz, Amparo",0,"Mujer",
61386,"Guzmán y Manrique, Joaquín de","2","Hombre",
61387,"Moreau de Jonnès, Alexandre","1","Hombre","1808-1878"
61388,"Seriman, Zaccaria","2","Hombre","1709-1784"
61394,"Orti y Muñoz, Carlos","1","Hombre","1870-1933"
61398,"Morales San Martin, Bernardo","3",,
61401,"Serra Orts, Antonio","1","Hombre","1856-1926"
61402,"Martín, Elvira","1",,
61405,"Mendizábal, Carlos","1","Hombre","1864-1949"
61406,"Luaces, Juan G. de","1","Hombre","1906-1963"
61409,"Bermejo Merelo, Segismundo","1","Hombre","1833-1899"
61412,"Bosch, Andrés","1","Hombre","1926-1984"
61414,"Gossé, G.","1",,
61416,"Gossé, L.","1",,"1916-2001"
61429,"Aragón y Soldado, Jesús de","9","Hombre","1893-1973"
61432,"Neville, Edgar","1","Hombre","1899-1967"
61433,"Balzola, Asun",0,"Mujer","1942-2006"
61437,"Kaus, Gina","4","Mujer","1894-1985"
61439,"Eguílaz Cabeza, Julio","1","Hombre","1883-?"
61442,"Ortiz de Pinedo, Adelardo","1","Hombre","1859-?"
61444,"Baroja, Ricardo","1","Hombre","1871-1953"
61446,"Rubio Sánchez, José","1","Hombre",
61448,"W. Barrymore","1","Hombre",
61449,"Brion, Marcel","1","Hombre","1895-1984"
61451,"Michel, Paul-Henri","1","Hombre","1894-1964"
61455,"Rawson, Philip S.","1","Hombre","1924-1995"
61456,"Ramos de Pablo, Francisco","1","Hombre",
61459,"Sérullaz, Maurice","1","Hombre","1914-1997"
61460,"Bedoya y Lerzundi, Manuel Augusto","1","Hombre","1888-1942"
61462,"Rubio Coloma, Jesús","1",,
61463,"Francastel, Galienne","1",,
61468,"Lion Depetre, José","1","Hombre","1893"
61470,"Martínez Rizo, Alfonso","2","Hombre","1877-1951"
61473,"Dorival, Bernard","1","Hombre","1914-2003"
61477,"Fosca, François","1","Hombre","1881-1980"
61483,"Swann, Peter C.","1","Hombre",
61487,"Lemaître, Henri","1","Hombre",
61488,"Pérez de Olaguer, Antonio","1","Hombre","1907-1968"
61489,"Digeon, Aurelien","1","Hombre",
61492,"Diz Lois, Casimiro","1","Hombre","1899-1972"
61495,"Bejarano, Benigno","3","Hombre","1900-1944"
61498,"Tusquets y Tresserra, Enrique","1","Hombre",
61502,"Piracés García, Agustín","1","Hombre","1896-1956"
61504,"Brocos Gómez, Modesto","1","Hombre","1852-1936"
61510,"Cascales y Muñoz, José","1","Hombre","1865-1933"
61511,"Granch, H. C.",0,,"1892-"
61514,"Macragh, Esteban",0,"Hombre",
61517,"Cohen, Robert","1","Hombre",
61522,"Colmenares, Aureliano","1","Hombre","1873-1947"
61523,"Mallorquí, José",0,"Hombre","1913-1972"
61528,"Tomasich, Enrique","1","Hombre",
61529,"Bertrán Rubio, Eduardo","1","Hombre","1838-1909"
61540,"Zahonero, José","1","Hombre","1853-1931"
61541,"Swift, Jonathan","3","Hombre","1667-1745"
61545,"Trigo, Felipe","26","Hombre","1864-1916"
61546,"Cerdá, Elías","1","Hombre","1874-1932"
61547,"Esquilo","1","Hombre","526 a.C.- 457 a.C."
61549,"Mesa Ramos, José","1","Hombre","1856-1935"
61552,"Ruiz de Alarcón y Mendoza, Juan",0,"Hombre","1581?-1639"
61558,"Portilla, A. de la","1",,
61561,"Molina, Tirso de",0,"Hombre","1579-1648"
61562,"Bergamín, José","5","Hombre","1895-1983"
61566,"Valero de Bernabé, Vicente","1","Hombre",
61567,"Lozoya, Juan de Contreras y López de Ayala,",0,"Hombre","1893-1978"
61572,"Ledesma Hernández, Antonio","1",,"1856-1937"
61577,"Millán Villanueva, Camilo","1","Hombre","1839-1908"
61578,"Camins, José","2","Hombre","1876-ca. 1933"
61581,"Ercilla y Zúñiga, Alonso de",0,"Hombre","1533-1594"
61582,"Nelken, Margarita","5","Mujer","1894-1968"
61583,"Acevedo, Agustín María","1",,"1806-1874"
61587,"Eurípides","1","Hombre","ca. 480 a. C.-406 a. C."
61588,"González Besada, Augusto","1","Hombre",
61589,"Elola, José de","19","Hombre","1859-1933"
61593,"Obregón, Antonio de","1","Hombre","1909-1985"
61597,"Glyn, Elinor",0,"Mujer","1864-1943"
61599,"Flores, Antonio","1","Hombre","1818-1865"
61601,"Bendito y Trujillo, Enrique","2","Hombre","1859-?"
61602,"Shakespeare, William","1","Hombre","1564-1616"
61607,"San Martín, Antonio de","1","Hombre","1841-1887"
61610,"Morán Márquez, Ángeles","1","Mujer",
61612,"Homs i Bisa, Josep Antoni","1","Hombre","1897-1969"
61619,"Almirall, Valentí","1","Hombre","1841-1904"
61621,"Plana, Alexandre","1","Hombre",
61636,"Zuinaga, L. Antonio de",0,"Hombre",
61644,"Acevedo, Isidoro","1","Hombre",
61649,"Arderíus, Joaquín","1","Hombre","1885-1969"
61657,"James, Henry","1","Hombre","1843-1916"
61665,"Riba, Carles","1","Hombre","1893-1959"
61667,"Torre, Matilde de la","1","Mujer","1884-1946"
61673,"Vicente, Ángeles","1","Mujer","1878-?"
61678,"Ramírez, Zoé","1","Mujer",
61679,"Sáiz de Otero, Concepción","3","Mujer","1851-1934"
61680,"Auclair, Marcelle","1","Mujer","1899-1983"
61683,"Jarnés, Benjamín","17","Hombre","1888-1949"
61686,"Benguerel, Xavier","1","Hombre","1905-1990"
61687,"Lasso de la Vega, Francisco de Paula","1","Hombre","1874-"
61689,"Bernat y Durán, José","1","Hombre",
61699,"Rusiñol, Santiago","1","Hombre","1861-1931"
61701,"Prévost, Antoine François","1","Hombre","1697-1763"
61704,"Quevedo, Francisco de","4","Hombre","1580-1645"
61707,"Foulquié, Paul","1","Hombre",
61708,"López Prudencio, José","6","Hombre",
61709,"Machado, Manuel","1","Hombre","1874-1947"
61710,"Paradas, Enrique","1","Hombre",
61713,"Hourticq, Louis","1","Hombre",
61715,"Ramón y Cajal, Santiago",0,"Hombre","1852-1934"
61716,"Granville-Barker, Helen","5","Mujer","d. 1950"
61717,"Granville-Barker, Harley","5","Hombre","1877-1946"
61719,"Martínez Sierra, Gregorio","100","Hombre","1881-1947"
61722,"Insúa, Alberto","51","Hombre","1883-1963"
61726,"Araquistain, Luis","17","Hombre","1886-1959"
61730,"Queirós, Eça de","5","Hombre","1845-1900"
61731,"González-Ruano, César","9","Hombre","1903-1965"
61733,"Céspedes, Alba de","1","Mujer","1911-1997"
61738,"González-Blanco, Edmundo","13","Hombre","1877-1938"
61742,"Pujadas Ferreira, Lila","1","Mujer",
61747,"Lenôtre, G.","1",,
61748,"Tenreiro, Ramón María","6","Hombre","1879-1938"
61751,"Dinis, Júlio","1","Hombre","1839-1871"
61752,"Núñez de Arce, Gaspar","49","Hombre","1834-1903"
61755,"Moreno Villa, José","16","Hombre","1887-1955"
61757,"Hortensia","1","Mujer",
61762,"Gaspar y Rimbau, Enrique","1","Hombre","1842-1902"
61763,"Hardy, Thomas","1","Hombre","1840-1928"
61764,"Jones, Willis Knapp","1","Hombre","1895-"
61766,"Sánchez de Fuentes y Pelaez, Fernando","1","Hombre",
61767,"Zayas, Alfredo","1","Hombre",
61775,"Chimay, Princesse de","1","Mujer",
61776,"Espina, Antonio","8","Hombre","1894-1972"
61777,"Cirici Ventalló, Domingo","4","Hombre","1878-1918"
61778,"Sacharoff, Olga","1","Mujer","1889-1967"
61781,"Colette","1","Mujer","1873-1954"
61786,"Gibbs, George","1","Hombre",
61788,"Giné y Partagás, Juan","3","Hombre","1836-1903"
61792,"Pla, Jaime","1","Hombre",
61797,"Larbaud, Valéry","2","Hombre","1881-1957"
61798,"Gibson, Ian","1","Hombre","1939-"
61800,"Dalí, Anna Maria","1","Mujer",
61805,"Pomès, Mathilde","1","Mujer","1886-1977"
61808,"Hernández Catá, Alfonso","30","Hombre","1885-1940"
61810,"Camba, Julio","13","Hombre","1884-1962"
61816,"Attwell, Mabel Lucie","1",,"1879-1964"
61818,"Barrie, James Mathew","2","Hombre","1860-1937"
61820,"Mata, Marta","1","Mujer","1926-2006"
61822,"Correas, José","1","Hombre",
61825,"García Mercadal, José","4","Hombre","1883-1975"
61828,"Sabatini, Rafael","1","Hombre","1875-1950"
61829,"Cestero, Tulio Manuel","1","Hombre","1877-1955"
61836,"Galsworthy, John","1","Hombre","1867-1933"
61838,"Baeza, Ricardo","1","Hombre","1890-1956"
61851,"Segrelles Albert, José","2","Hombre","1885-1969"
61853,"Maurois, André","4",,"1885-1967"
61855,"Rueda, Lope de","1","Hombre","1510-1565"
61859,"Laffón, Rafael","1","Hombre","1895-1978"
61871,"Conkling, Grace Walcott (Hazard)","1",,"1878-1958"
61872,"Hubbard, Alice Philena","1","Mujer",
61873,"Ariosto, Lodovico","2","Hombre","1474-1533"
61875,"Logli, Mario","1","Hombre",
61883,"Ballestar, Vicente B.","1","Hombre","1929-"
61890,"Hereford, Philip","1","Hombre",
61891,"Cervantes Saavedra, Miguel de",0,"Hombre","1547-1616"
61898,"Muñoz, M. A.","1",,
61901,"Pemán, José María","11","Hombre","1897-1981"
61903,"Castro, Rosalía de","4","Mujer","1837-1885"
61904,"Albert",0,,"1885-1969"
61905,"Seeger, Annabel Hord","1","Mujer",
61908,"Van Dine, S. S.","1","Hombre","1888-1939"
61912,"Luzscienski, M.","1",,
61916,"Rusiñol, María","1","Mujer","m. 1972"
61917,"Azaña, Manuel","4","Hombre","1880-1940"
61924,"Contenau, Georges","1","Hombre","1877-1964"
61926,"López Pinillos, José","28","Hombre","1875-1922"
61927,"Allue de Horna, Anselmo",0,"Hombre","1912-1990"
61931,"Baum, Vicki","1",,"1888-1960"
61932,"Serrano de Wilson, Emilia","12","Mujer","1834-1923"
61935,"Lafue, Pierre","1","Hombre",
61936,"Astrana Marín, Luis","9","Hombre","1889-1960"
61940,"Montseny, Federica","2","Mujer","1905-1994"
61941,"Vaussard, Maurice","2","Hombre","1888-1978"
61947,"Ciges Aparicio, Manuel","15","Hombre","1873-1936"
61950,"Rodriguez Tarduchy, Emilio","1","Hombre",
61958,"Homero","1","Hombre",
61962,"Chantal, Suzanne","1","Mujer","1908-1994"
61963,"Ríos de Lampérez, Blanca de los","11","Mujer","1862-1956"
61966,"Krakowski, Edouard","1","Hombre","1896-1969"
61969,"Kociemsky, Leonardo","1","Hombre",
61978,"Rathlef, E. von","1","Hombre",
61981,"Tennyson, Alfred Tennyson,",0,"Hombre","1809-1892"
61982,"Douglas, Frances","1","Hombre","1870-"
61989,"Bordoy Luque, Salvador",0,"Hombre",
61991,"Macho Quevedo, E.",0,"Hombre",
61996,"Olmedo, Alonso de","1","Hombre","(1626?-1682)"
61997,"Sófocles","1","Hombre","496 a.C - 406 a.C"
61998,"Alcalá-Galiano, Álvaro","1","Hombre","1873-1936"
61999,"Rapsomanikis, J.","1","Hombre",
62003,"Hoffmann, Ernst T. A.","1","Hombre","1776-1822"
62005,"Lozano Olivares","1",,"1909-"
62006,"Rodríguez Marín, Francisco","2","Hombre","1855-1943"
62009,"Menéndez y Pelayo, Marcelino","4",,"1856-1912"
62010,"Moreau, Edouard","1","Hombre",
62013,"García Velloso, Enrique","1","Hombre",
62023,"Gómez Carrillo, Enrique","102","Hombre","1873-1927"
62025,"Hoyos y Vinent, Antonio de","10","Hombre","1884-1941"
62030,"Slaughter, Frank G.","1","Hombre","1908-2001"
62041,"Zamacois, Eduardo","53","Hombre","1873-1971"
62043,"Francés, José","25","Hombre","1883-1964"
62047,"Beck, Gerard","1","Hombre",
62051,"Reggiani, Renée","1","Mujer","1925-2019"
62055,"Cronin, A. J.","1","Hombre","1896-1981"
62057,"Mutteau, Henri","1","Hombre",
62060,"Mata Fontanet, Pedro","2","Hombre","1811-1877"
62062,"Nerval, Gérard de","1","Hombre","1808-1855"
62063,"Wallace, Edgar","1","Hombre","1875-1932"
62065,"Novella, María","1","Mujer",
62068,"Alas, Leopoldo","6","Hombre","1852-1901"
62071,"Sandys, James","1","Hombre",
62072,"Díaz de Escovar, Narciso","22","Hombre","1860-1935"
62076,"Chabás, Juan","8","Hombre","1900-1954"
62080,"Barclay, Florence L.","1","Mujer","1862-1921"
62082,"Alanic, Mathilde","1","Mujer","1864-1948"
62083,"Pearce, Charles E.","1","Hombre",
62098,"Christie, Agatha","1","Mujer","1890-1976"
62100,"Larraya, Juan A. G.","1","Hombre",
62104,"Paytuví de Sierra, Carlos","1","Hombre",
62108,"López Hipkiss, Guillermo","1","Hombre","1902-1957"
62112,"Gardner, Erle Stanley","1","Hombre",
62116,"Pla, Josep","1","Hombre","1897-1981"
62126,"Cal, Stella de","1","Mujer",
62128,"Peraire del Molino, C.","1",,
62157,"Godoy, Zoe","1","Mujer",
62162,"Curwood, James Oliver","1","Hombre",
62167,"La Brète, Jean de","1","Hombre","1854-1945"
62173,"Ariet, J.","1",,"1885-"
62177,"Kyne, Peter B.","1","Hombre","1880-1957"
62180,"Llanos, Antonio","2","Hombre","1841-1906"
62183,"Aubry, Octave","1","Hombre","1881-1946"
62184,"Ramos, Máximo","10","Hombre","1880-1949"
62187,"Répide, Pedro de","26","Hombre","1882-1948"
62189,"Dicenta, Joaquín","88","Hombre","1863-1917"
62190,"Mora, E.","1",,
62191,"Palacio Valdés, Armando","2","Hombre","1853-1938"
62193,"Paso, Manuel","5","Hombre","1864-1901"
62194,"Campan, Jeanne-Louise-Henriette Genet","1","Mujer",
62195,"Huici, Matilde","1","Mujer","1890-1965"
62200,"Álvarez, Luis","1","Hombre",
62206,"Bécquer, Gustavo Adolfo","3","Hombre","1836-1870"
62207,"Mazzucchelli, Mario","1",,
62226,"Molina, Tirso de","4","Hombre","1579-1648"
62229,"Adams, Herbert","1","Hombre",
62235,"Marshall, Edison","1","Hombre",
62243,"Beach, Rex","1","Hombre","1877-1949"
62244,"Almendros Camps, José","1","Hombre","1869-1912"
62247,"Beauclerk, Helen","1","Mujer",
62252,"Carter, Nick","1","Hombre",
62256,"King, Frank","1","Hombre",
62260,"Toye, Stanley P.","1","Hombre","1888-1957"
62267,"Tissier de Mallerais, Henriette","1","Mujer",
62269,"Cugat, Alberto","1","Hombre",
62271,"Edginton, May","1",,
62272,"Páez, Catalina","1","Mujer",
62273,"Eberhard, Florence","1","Mujer",
62274,"Bark, Ernesto","5","Hombre",
62277,"Parker, Rita","1","Mujer",
62278,"Lira Girón, Luis Felipe","1","Hombre",
62284,"Morote y Greus, José","1","Hombre",
62288,"Aquino Cabrera, Francisco","1","Hombre","1869-1910"
62291,"Lee, Annabel","1","Mujer",
62292,"Arderius, Francisco","1","Hombre","1836-1886"
62295,"Pío","1","Hombre",
62296,"Ortega y Gasset, José","4","Hombre","1883-1955"
62297,"Robin, Gilbert","1","Hombre","1893-1967"
62301,"Haucourt, Geneviève d'","1","Mujer",
62305,"Rudaux, Lucien","1","Hombre","1874-1947"
62309,"Angelloz, J. F.","1",,
62315,"Droz, Jacques","1","Hombre","1909-1998"
62319,"Creasey, John","1","Hombre","1908-1973"
62323,"Céré, Roger","1","Hombre",
62333,"Bellairs, George","1","Hombre",
62334,"Lanza, Silverio","1","Hombre","1856-1912"
62340,"Gómez Hidalgo, Francisco","1","Hombre","1886-1947"
62346,"Valdés y Rubio, José María","1","Hombre","1853-1914"
62347,"Grousset, René","1","Hombre","1885-1952"
62350,"Sánchez Rodríguez, José","1","Hombre","1875-1940"
62354,"Ugarte-Barrientos, Josefa","1","Mujer","1854-1891"
62357,"Thomazi, Auguste","1","Hombre","1873-1959"
62358,"Castillo, Julio Alberto","1","Hombre",
62361,"Bruhat, Jean","1","Hombre",
62365,"Champigneulle, Bernard","1","Hombre",
62366,"González Serrano, Urbano","2","Hombre","1848-1904"
62369,"Ehrhard, Marcelle","1","Mujer",
62373,"Mathis, Maurice","1","Hombre",
62377,"Oppenheim, E. Phillips","1","Hombre","1866-1946"
62381,"Rohmer, Sax","1","Hombre","1883-1959"
62388,"Bobadilla, Emilio","19","Hombre","1862-1921"
62391,"Vercoutter, Jean","1","Hombre",
62393,"Fourastié, Jean","1","Hombre",
62395,"Carretero, José María","49","Hombre","1887-1951"
62396,"Hamilton, Scott","1","Hombre",
62397,"Arasti, Eduardo","1","Hombre",
62399,"Carrere, Emilio","22","Hombre","1881-1947"
62400,"Kaltenmark-Chéquier, Odile","1","Mujer",
62401,"Cansinos Assens, Rafael","26","Hombre","1882-1964"
62404,"Lestren, Georges","1","Hombre",
62407,"Nordau, Max","1","Hombre","1849-1923"
62408,"Thévenin, René","1","Hombre","1877-1967"
62409,"Martínez Cuenca, Salvador","1","Hombre",
62411,"Candamo, Bernardo G. de","1","Hombre","1881-1967"
62412,"Vaillé, Eugene","1","Hombre",
62413,"Bueno, Manuel","10","Hombre","1874-1936"
62418,"Keller, Pierre","1","Hombre",
62419,"Catarineu, Ricardo J.","7","Hombre","1868-1915"
62421,"Pardo Bazán, Emilia","66","Mujer","1851-1921"
62422,"Duverger, Maurice","1","Hombre","1917-2014"
62423,"Quiroga, María de los Dolores","1","Mujer","1811-1891"
62425,"Díaz Mirón, Salvador","1","Hombre","1853-1928"
62428,"Kurnitz, Harry","1","Hombre","1908-1968"
62429,"Bolívar, Simón","10","Hombre","1783-1830"
62431,"Blanco Fombona, Rufino","12","Hombre","1874-1944"
62432,"Birk, Dolores","1","Mujer",
62433,"Larra, Luis de","1","Hombre","1862-1914"
62436,"Wiggin, Kate Douglas","1","Mujer",
62437,"Cereceda, Guillermo","1","Hombre","1844-1919"
62438,"Llimona, Mercè","1","Mujer","1914-1997"
62439,"Blanco-Belmonte, Marcos Rafael","7","Hombre","1871-1936"
62440,"Fenisong, Ruth","1","Mujer",
62443,"Basterra, Ramón de","6","Hombre","1888-1928"
62444,"Coxe, George Harmon","1","Hombre",
62450,"Dowd, Emma C.","1","Mujer",
62452,"Lluch, María","1","Mujer",
62456,"Rothé, Jean P.","1","Hombre",
62459,"Rodó, José Enrique","2","Hombre","1871-1917"
62460,"Guintini, Pierre","1","Hombre",
62463,"Acosta, Cecilio","1","Hombre",
62464,"Giraud, Marcel","1","Hombre",
62467,"Sevilla, Rafael","1","Hombre","m. 1856"
62468,"Foley, Rae","1","Mujer",
62471,"González Prada, Manuel","1","Hombre","1844-1918"
62472,"Lefranc, Georges","1","Hombre",
62473,"Hostos, Eugenio María de","1","Hombre","1839-1903"
62476,"Méthivier, Hubert","1","Hombre",
62479,"Baralt, Rafael María","1","Hombre","1810-1860"
62480,"Novell, María Teresa","1","Mujer",
62484,"Gilbert, Michael","1","Hombre",
62485,"O'Leary, Daniel Florencio","2","Hombre","1800-1854"
62494,"H.-Pinzón, Francisco",0,"Hombre",
62495,"De la Fuente, A.","1",,
62505,"Moréas, Jean","4","Hombre","1856-1910"
62509,"Munoa, Rafael",0,"Hombre","1930-2012"
62518,"Sola, Alfonso de","1","Hombre",
62519,"Gullón, Ricardo",0,"Hombre","1908-1991"
62544,"García Sanchiz, Federico","12","Hombre","1886-1964"
62545,"Espronceda, José de","5","Hombre","1808-1842"
62548,"Rubio, Ángel","1","Hombre","1846-1906"
62550,"Giménez Caballero, Ernesto","13",,"1899-1988"
62551,"Caballero Robredo, Agustín","1","Hombre",
62553,"Alegría, Claribel",0,,"1924-"
62555,"Agustín","1","Hombre",
62558,"Villar, Arturo del",0,"Hombre","1940-"
62565,"Edwards Bello, Joaquín","1","Hombre","1888-1968"
62571,"Trebijano, Tomás","1","Hombre",
62572,"Gozálvez, José Luis",0,"Hombre",
62577,"Sody de Rivas, Ángel",0,"Hombre","1949-"
62580,"Palau de Nemes, Graciela",0,"Mujer","1919-2019"
62581,"Estellés, Ramón","6","Hombre","1850?-1899"
62583,"Lope, Santiago","1","Hombre","1871-1906"
62584,"Pérez de la Rosa, J.","1","Hombre","fl. 1894"
62590,"Cortijo, Mariano","1","Hombre","fl. 1879"
62591,"Camprubí, Zenobia","1","Mujer","1887-1956"
62592,"Quintanilla, Manuel","7","Hombre",
62594,"Tissier de Mallerais, Maurice","1","Hombre",
62595,"Belmonte, Juan","1","Hombre","1892-1962"
62596,"Jiménez, Juan Ramón",0,"Hombre","1881-1958"
62597,"Starkie, Walter","2","Hombre","1894-1976"
62598,"Burgos, Carmen de","37","Mujer","1867-1932"
62600,"Durá, Adolfo","1","Hombre","1875-1936"
62601,"Gómez de la Serna, Ramón","43","Hombre","1888-1963"
62602,"Varela, Julia",0,"Mujer",
62604,"Iglesias Hermida, Prudencio","8","Hombre","1883-1919"
62605,"Jiménez Hernández-Pinzón, Fernando",0,"Hombre","1934-"
62607,"Hampe, Karl","1","Hombre",
62608,"Hevesy, André de","1","Hombre",
62609,"Tagore, Rabindranath","1","Hombre","1861-1941"
62616,"Sancha, Francisco","1","Hombre","1874-1936"
62619,"Philippe, Charles-Louis","1","Hombre","1874-1909"
62621,"Pestana, Alice",0,"Mujer","1860-1929"
62624,"Vicenti, Alfredo","1","Hombre","1850-1916"
62625,"Rueda, Salvador","35","Hombre","1857-1933"
62629,"Cortón, Antonio","1","Hombre","1854-1913"
62638,"Abréu de Peña, Carmen","8","Mujer",
62643,"Solsona, Conrado","1","Hombre","1851-1916"
62644,"Dickens, Charles","1","Hombre","1812-1870"
62645,"Navarro Reverter, Juan","1","Hombre","1844-1924"
62651,"García Calderón, Ventura","1","Hombre","1886-1959"
62655,"Núñez Millón, Félix","1","Hombre",
62656,"Stoddard, Lothrop","1","Hombre","1883-1950"
62659,"Marquina, Eduardo","6","Hombre","1879-1946"
62661,"Tébar, Juan","1","Hombre","1941-"
62668,"Ledos, Gabriel","1","Hombre",
62675,"Hall, James Norman","1","Hombre",
62677,"Nordhoff, Charles","1","Hombre","1887-1947"
62684,"Pérez Galdós, Benito","12","Hombre","1843-1920"
62699,"Riera Rojas","1","Hombre","1913-1992"
62700,"Coppée, François","2","Hombre","1842-1908"
62703,"Williams, Ben Ames","1","Hombre",
62704,"Hemingway, Ernest","1","Hombre","1899-1961"
62710,"Tubau, María","1","Mujer",
62711,"Muñoz Seca, Pedro","6","Hombre","1879-1936"
62712,"Dos Passos, John",0,,"1896-1970"
62716,"Rowe, Mary","2","Mujer",
62718,"Romero de Tejada, J.","1","Hombre",
62719,"Valverde y San Juan, Joaquín","21","Hombre","1875-1918"
62720,"Henry, O.","1",,"1862-1910"
62722,"Southall, Ivan","1","Hombre","1921-2008"
62726,"San Martín, José de","2","Hombre","1778-1850"
62727,"Sánchez de Feria y Morales, Bartolomé","1","Hombre","1719-1783"
62731,"Janus Secundus","1","Hombre","1511-1536"
62732,"Natorp, Paul","1","Hombre","1854-1924"
62736,"Vázquez Ramil, Raquel",0,"Mujer","1960-"
62737,"Moret, Segismundo","1","Hombre","1833-1913"
62738,"Pardo de Figueroa, Mariano","1",,"1828-1918"
62740,"Beethoven, Ludwig van","2","Hombre","1770-1827"
62741,"Canalejas, José","4","Hombre","1854-1912"
62742,"Pérez-Villanueva Tovar, Isabel",0,"Mujer",
62743,"Colón, Cristóbal","1",,"1451-1506"
62744,"Simmonds, Florence","1","Mujer",
62745,"Fernández-Shaw, Guillermo","1","Hombre","1893-1965"
62747,"Darío, Rubén","16","Hombre","1867-1916"
62748,"Fernández-Shaw, Carlos","49","Hombre","1865-1911"
62749,"Delgado, José Matías","1","Hombre","1767-1832"
62751,"Porto Ucha, Ángel Serafín",0,"Hombre","1945-"
62752,"Fontanals Mateu, Manuel","2","Hombre","1893-1972"
62753,"Jiménez de Asúa, Luis","2","Hombre","1889-1970"
62754,"Barrado, A.","1",,
62755,"Lastagaray Rosales, María Josefa",0,,"1948-"
62756,"Camacho Roldán, Salvador","1","Hombre",
62757,"Catalina, Manuel","3","Hombre","1820-1886"
62758,"Sanjurjo, José","2","Hombre","1872-1936"
62759,"Diéguez y Díaz, Joaquín","3","Hombre","1860-1931"
62760,"Nervo, Amado","2","Hombre","1870-1919"
62761,"Fernández de Sevilla, Luis","5","Hombre","1888-1974"
62762,"Orbegozo, Antonio","1","Hombre","1908-1995"
62763,"Soutullo, Reveriano","1","Hombre","1880-1932"
62764,"Vert, Juan","1","Hombre","1890-1931"
62766,"Falla, Manuel de","2","Hombre","1876-1946"
62767,"Ortega Munilla, José","6","Hombre","1856-1922"
62768,"Lizcano, Ángel","1","Hombre",
62769,"Planells, Ángel","1","Hombre","1901-1989"
62770,"Alfonso XIII de Borbón","1","Hombre","1886-1941"
62772,"Nariño, Antonio","1","Hombre","1760-1823"
62773,"Guerrero, Jacinto","2",,"1895-1951"
62774,"Machado y Morales, Gerardo","1","Hombre","1871-1939"
62776,"Soriano, Rodrigo","3","Hombre","1868-1944"
62777,"Díez-Canedo, Enrique","22","Hombre","1879-1944"
62778,"Bonafoux, Luis","2","Hombre","1855-1918"
62779,"Fernández Ardavín, Luis","19","Hombre","1891-1962"
62783,"Benavides, Manuel D.","1","Hombre","1895-1947"
62787,"Granés, Salvador María","1","Hombre","1838-1911"
62789,"Calleja, Rafael","5","Hombre","1870-1938"
62791,"Casero, Antonio","14","Hombre","1874-1936"
62793,"López Torregrosa, Tomás","4","Hombre","1868-1913"
62795,"Lucio, Celso","1","Hombre","1865-1915"
62797,"Fernández Caballero, Manuel","2","Hombre","1835-1906"
62799,"Lleó, Vicente","11","Hombre","1870-1922"
62801,"Pippet, Gabriel","1","Hombre","1880-1962"
62804,"Roy, Satish Chandra","1","Hombre",
62807,"Escobar, Antonio","1","Hombre",
62809,"Vega Carpio, Félix Lope de","5","Hombre","1562-1935"
62810,"Pearson, W. W.","1","Hombre","1881-1923"
62811,"Bernaldo de Quirós, Constancio","1","Hombre","1873-1959"
62815,"Sama Naharro, Joaquín","2","Hombre","1902-1989"
62817,"Huth, Reginald","1","Hombre",
62819,"Lucio, José de","1","Hombre","m. 1949"
62823,"Romanones, Álvaro de Figueroa y Torres, Conde de","2","Hombre","1863-1950"
62827,"Tauler, Carlos","3","Hombre","1911-1988"
62829,"Luna, Pablo","2","Hombre","1879-1942"
62830,"Garfias, Pedro","1","Hombre","1901-1967"
62831,"Acosta y Tovar, José María","1","Hombre","1881-1936"
62833,"Paso, Antonio","18","Hombre","1870-1958"
62837,"Pérez, Modesto","2","Hombre","1878-"
62843,"Torre, Guillermo de",0,"Hombre","1900-1971"
62846,"Seco de Lucena Escalada, Francisco","2","Hombre","1869-1904"
62859,"Ganivet, Ángel","31","Hombre","1865-1898"
62863,"Gálvez, Pedro Luis de","2","Hombre","1882-1940"
62868,"Cuchy Arnau, José","4","Hombre","1860-1925"
62871,"Vilà, Miquel","1","Hombre","1940-"
62873,"Torralba, Juan José","1","Hombre","1937-"
62876,"Shakespeare, William","5","Hombre","1564-1616"
62878,"Hugo, Victor","2","Hombre","1802-1885"
62882,"López Silva, José","54","Hombre","1861-1925"
62891,"Hamsun, Knut","1","Hombre","1859-1952"
62895,"Bergson, Henri","1","Hombre","1859-1941"
62896,"Manso Torres, Enrique","1","Hombre",
62897,"Aydée Raggio, Amalia","1","Mujer",
62901,"Vives, Francisco","1","Hombre",
62918,"Xumetra, Ferrán","1","Hombre","1865-1920"
62920,"Balaguer, Víctor","2","Hombre","1824-1901"
62921,"Wren, Percival Christopher","1","Hombre","1885-1941"
62925,"Escalera, Manuel de la","1","Hombre","1895-1994"
62927,"Claramunda Bes, José María","1","Hombre",
62928,"Ferrari, Emilio","8",,"1853-1907"
62933,"Juan, Enrique de","1","Hombre",
62937,"Lindemann, Kelvin","1","Hombre",
62949,"Cheyney, Peter","1","Hombre",
62951,"Gerard, Louise","1","Mujer",
62961,"Butler, Joan","1","Hombre","1905-1979"
62962,"Antón del Olmet, Luis","38","Hombre","1886-1923"
62965,"Vázquez Calleja, Félix","10","Hombre","1881-1963"
62970,"Young, Desmond","1","Hombre","1892-1966"
62974,"Reilly, Helen","1","Mujer",
62980,"Jammes, Francis","1","Hombre","1868-1938"
62982,"Jovellanos, Gaspar Melchor de","1","Hombre","1744-1811"
62984,"Loygorri Pimentel, José","4","Hombre","1884-"
62986,"Díaz, Porfirio","1",,"1830-1915"
62988,"Lloréns García, Ramón F.",0,"Hombre","1961-"
62989,"Ory, Eduardo de","6","Hombre","1884-1939"
62995,"Zilahy, Lajos","1","Hombre","1891-1974"
62999,"Bartolozzi, Salvador","2","Hombre","1882-1950"
63002,"La Fontaine, Jean de","1","Hombre","1621-1695"
63009,"Lagos",0,,"1897-1995"
63011,"Bernstein, Henry","1","Hombre","1876-1953"
63015,"Novás Calvo, Lino","1","Hombre","1905-1983"
63017,"Gurrea, Manuel","1","Hombre",
63022,"Castelar, Emilio","2","Hombre","1832-1899"
63023,"Andrews, V. C.","1",,"1923-1986"
63026,"Aza, Vital","1","Hombre","1851-1912"
63028,"Ramos Carrión, Miguel","2","Hombre","1848-1915"
63030,"Estremera, José","1","Hombre","1852-1895"
63035,"Bocca, Geoffrey","1","Hombre",
63037,"MacDonald, Hugh C.","1","Hombre",
63040,"Pellicer, Josep Lluis","1","Hombre","1842-1901"
63043,"Grove, Kim","1","Mujer",
63051,"Lieberman, Herbert","1","Hombre",
63052,"Pidal y Mon, Alejandro","1","Hombre","1846-1913"
63054,"Palau, Melchor de","12","Hombre","1843-1910"
63055,"Flowers, Charles","1","Hombre",
63060,"Cesbron, Gilbert","1","Hombre","1913-1979"
63064,"Lewis, Sinclair","1","Hombre","1885-1951"
63065,"Verdaguer, Jacint","1","Hombre","1845-1902"
63072,"Hunt, Morton","1","Hombre",
63073,"Pitarra, Serafí","1","Hombre","1839-1895"
63076,"Hall, Oakley","1","Hombre","1920-2008"
63078,"Ayer, Frederick","1","Hombre",
63082,"Cleary, Jon","1","Hombre",
63086,"Véry, Pierre","1","Hombre","1900-1960"
63090,"Atkins, Lee","1","Hombre",
63095,"Rodríguez Redondo, Jesús","1","Hombre","fl. 1901-1916"
63096,"Simmons, Ernest","1","Hombre",
63101,"Redel y Aguilar, Enrique","11","Hombre","1872-1909"
63105,"Ocaña, Juan","1","Hombre",
63106,"Ribera, Antonio","1","Hombre","1920-2001"
63108,"Green, Gerald","1","Hombre",
63109,"Mir, Miguel","1","Hombre","1841-1912"
63113,"Pavón, Francisco de Borja","2","Hombre","1814-1904"
63116,"Wilson, Angus","1","Hombre","1913-1991"
63120,"Field, Rachel","1","Mujer",
63122,"Radford, Edwin","1","Hombre",
63124,"Radford, M. A.","1",,
63125,"Torres y Torres, Manuel","1",,"1849-1914"
63128,"Vincent, Adrian","1","Hombre",
63141,"Aguilar y Cano, Antonio","1","Hombre","1848-1916"
63142,"Llanas Aguilaniedo, José María","2","Hombre","1875-1921"
63143,"Eskuchen, Karl",0,"Hombre",
63145,"Bretón, Tomás","1","Hombre","1850-1923"
63146,"Abelín, Isaac",0,"Hombre",
63147,"Linares-Rivas, Manuel","53","Hombre","1866-1938"
63148,"Rein, Hermann",0,"Hombre","1898-1953"
63149,"Larrubiera, Alejandro","14","Hombre","1869-1937"
63150,"García-Valdecasas, Francisco",0,"Hombre","1910-2005"
63151,"Pedraza Ostos, José","2","Hombre","1880-1937"
63153,"Corral y Maestro, León",0,"Hombre","1855-1939"
63156,"Enríquez de Salamanca, Fernando",0,"Hombre","1890-1966"
63157,"Romero Calvet, Rafael","2","Hombre","1884-1925?"
63158,"Quintana, Manuel José","1","Hombre","1772-1857"
63162,"Laux, John Donald",0,"Hombre",
63165,"Morros Sardá, José",0,"Hombre",
63169,"García Rodríguez, Fernando",0,"Hombre","1937 sept. 27-"
63170,"Segre, Enrique","2","Hombre",
63174,"Jackson Veyán, José","5","Hombre","1852-1935"
63175,"Giménez, Gerónimo","2","Hombre","1854-1923"
63177,"Rubio y Pérez Dávila, Jesús","1","Hombre",
63178,"Kafka, Franz","1","Hombre","1883-1924"
63181,"López-Ballesteros, Luis","6","Hombre","1869-1933"
63183,"Jardón Pardo de Santayana, Pelayo",0,"Hombre",
63184,"Loma, José de la","1","Hombre","1860-1916"
63187,"Azpiazu, Salvador","1","Hombre","1867-1927"
63189,"Carr, Edward Hallett","1","Hombre","1892-1982"
63195,"Benavente, Jacinto","12","Hombre","1866-1954"
63196,"Urrusti, Lucinda",0,"Mujer",
63198,"Sánchez Castro, Carmelo","1","Hombre",
63202,"Martínez, Josebe",0,"Hombre",
63205,"Cabré, María Ángeles","1","Mujer","1968-"
63209,"Ena Bordonada, Ángela","2","Mujer",
63210,"Pellicer López, Julio","11","Hombre","1872-1938"
63212,"Méténier, Oscar","1","Hombre","1859-1913"
63213,"Israel Garzón, Jacobo",0,"Hombre","1942-"
63215,"Pacheco, Carlos M.","1","Hombre","1881-1924"
63216,"Delgado, Sinesio","6","Hombre","1859-1928"
63219,"Picón, Jacinto Octavio","31","Hombre","1852-1923"
63220,"Faure, Elie","1","Hombre","1873-1937"
63226,"Moch, Jules","1","Hombre",
63229,"Orozco Romero, Carlos",0,"Hombre","1896-1984"
63233,"Asúnsolo, Ignacio",0,"Hombre",
63237,"Riess, Curt","1","Hombre","1902-1993"
63240,"Valender, Luisa",0,"Mujer",
63241,"López de Saá, Leopoldo","5","Hombre","1870-1936"
63242,"Gandullo, Luis","1","Hombre",
63243,"Vázquez y Rodríguez, Leopoldo","1",,"1844-1909"
63246,"Guerra, Rafael","1","Hombre","1862-1941"
63248,"López, Nicolás María","3","Hombre","1863-1936"
63249,"Paso, Antonio",0,"Hombre","1870-1958"
63251,"Vega, Ricardo de la","2","Hombre","1839-1910"
63256,"Manzano, Fernando","1","Hombre","1862-1893"
63258,"Luis XVII de Francia","1","Hombre","1785-1795"
63260,"Dorio de Gádex","5","Hombre","1887-1924"
63261,"Martínez Olmedilla, Augusto","18","Hombre","1880-1965"
63262,"Brenes Mesén, Roberto","1","Hombre","1874-1947"
63263,"Miró, Emilio",0,"Hombre","1940-"
63264,"Maura, Antonio","4","Hombre","1853-1925"
63265,"Pérez Bueno, Luis","1","Hombre",
63266,"Lagos, Concha",0,,"1907-2007"
63267,"Ray, Medora Loomis","1","Mujer",
63268,"Moreno Villa, José",0,"Hombre","1887-1955"
63269,"Elías,  Feliu","2","Hombre","1878-1948"
63270,"Gómez, Juan Vicente","1","Hombre","1857-1935"
63271,"Valender, James",0,"Hombre",
63272,"Black, William George","1","Hombre",
63273,"Machado y Álvarez, Antonio","2","Hombre","1848-1893"
63274,"Stendhal","1","Hombre","1783-1842"
63276,"Matheu, José María","9","Hombre","1847-1929"
63280,"López R., Emilio","1","Hombre",
63282,"Mañé, Teresa","1","Mujer","1865-1939"
63283,"Bravo Castillo, Juan","1","Hombre","1948-"
63287,"Nogales, José","8","Hombre","1860-1908"
63292,"Andrada Gayoso, Ángel","1","Hombre",
63293,"Blasco Ibáñez, Vicente","8","Hombre","1867-1928"
63294,"Ledesma, Dámaso",0,"Hombre","1866-1928"
63295,"Pérez de Ayala, Ramón","50","Hombre","1880-1962"
63296,"Mesa, Enrique de","12","Hombre","1878-1929"
63297,"Góngora y Argote, Luis de",0,"Hombre","1561-1627"
63299,"Linares, Manuel","1","Hombre","1839-1909"
63300,"Noel, Eugenio","12","Hombre","1885-1936"
63306,"Carrera, J.","1",,
63307,"Valera, Juan","2","Hombre","1824-1905"
63308,"Daudet, Alphonse","1","Hombre","1840-1897"
63311,"Schevill, Rudolph","1","Hombre",
63313,"Corral, José María de",0,"Hombre","1889-1971"
63315,"Santori, Giacomo",0,"Hombre",
63319,"Polo, Cándido",0,"Hombre","1951-"
63322,"Cuadrado, Juan",0,"Hombre","1904-1946"
63324,"Nakens, José","6","Hombre","1841-1926"
63327,"Pla Dalmau, María","4","Mujer",
63328,"Castillo y Soriano, José del","6","Hombre","1849-1928"
63330,"Pradilla y Ortiz, Francisco","1","Hombre","1848-1921"
63345,"Nicole, Rose","1","Mujer",
63346,"Sainz-Amor, Concepción",0,"Mujer",
63360,"Aimard, Gustave","1","Hombre","1818-1883"
63363,"Cabrinety, Josep","6","Hombre",
63366,"Alexander, Boyd","1","Hombre",
63370,"Rignano, Eugenio","1","Hombre","1870-1930"
63371,"Asensi, Julia de","20","Mujer","1859-1921"
63376,"Granell y Forcadell, Miguel",0,"Hombre","1865-1936"
63380,"Rousseau, Jean-Jacques","1","Hombre","1712-1778"
63381,"Biedma, Patrocinio de","10","Mujer","1845-1927"
63389,"Navarro de Luzuriaga, María Luisa","1","Mujer",
63390,"Quinet, Edgar","1","Hombre","1803-1875"
63396,"Calé y Torres de Quintero, Emilia","3","Mujer","1837-1908"
63403,"Renan, Ernest","1","Hombre","1823-1892"
63407,"Blasco, Pili",0,,"1921-"
63408,"Canel, Eva","1","Mujer","1857-1932"
63410,"Lytton, Edward Bulwer Lytton,","1","Hombre","1803-1873"
63411,"Castellví y Gordón, Isabel María del Carmen de","2","Mujer","1865-1949"
63421,"Launay, Clément","1","Hombre",
63422,"Trillo","1","Hombre",
63425,"Cousinet, Roger","1","Hombre","1881-1973"
63426,"Mantegazza, Paolo","1","Hombre","1831-1910"
63428,"Soler i Mata, Joan",0,"Hombre",
63432,"Rousselet, Jean","1","Hombre",
63434,"Naud-Ithurbide, J. R.","1",,
63438,"Lefevre, Lucien","1","Hombre",
63441,"Mattachich, Géza","1",,
63444,"Loosli-Usteri, Marguerite","1","Mujer",
63445,"Leopardi, Giacomo","1","Hombre","1798-1837"
63451,"Sánchez Solá, Eduardo","1","Hombre","1869–1949"
63453,"Lorenzana, Sarah","2","Mujer","1878-1960"
63454,"Gourmand, Paul","1","Hombre",
63458,"Lozano de Vilchez, Enriqueta","6","Mujer","1829-1895"
63465,"Rosenberg, Arthur","1","Hombre","1889-1943"
63467,"Brousson, Jean Jacques","1","Hombre",
63468,"Vivanco, Ángel","1","Hombre",
63471,"Hartmann, Ludo Moritz","1","Hombre","1865-1924"
63475,"Oliva, Julián",0,"Hombre","ca 1908-ca.1994"
63477,"Rings, Werner",0,"Hombre","1910-1998"
63479,"Torrents, P. Luis",0,"Hombre","1891-1966"
63481,"Torres, Adolfo de",0,"Hombre",
63482,"Dato, Filomena","2","Mujer","1856-1926"
63483,"Gimeno de Flaquer, Concepción","5","Mujer","1850-1919"
63486,"Reuter, Walter",0,"Hombre","1906-2005"
63489,"Lázaro Bayarri, José",0,"Hombre","1893-1979"
63490,"Lacal de Bracho, Luisa","2","Mujer","n. 1874"
63491,"Vidal, Luis",0,"Hombre","1900-1959"
63495,"Alberti, Rafael","1","Hombre","1902-1999"
63498,"León, María Teresa","3","Mujer","1903-1988"
63507,"García-Sanz Marcotegui, Ángel",0,"Hombre","1949-"
63510,"San Martín Montilla, María Nieves",0,"Mujer",
63511,"Obiols Delgado, Mariano","1","Hombre","1860-?"
63513,"Montesquieu, Charles-Louis de Secondat,","1","Hombre","1689-1755"
63517,"Prada, Gloria de la","3","Mujer","1886-1951"
63522,"Hauptmann, Gerhart","1","Hombre","1862-1946"
63526,"Birt, Theodor","1","Hombre","1852-1933"
63533,"Fromentin, Eugène","1","Hombre","1820-1876"
63541,"Baroja, Pío","1","Hombre","1872-1956"
63546,"Debas, Fernando",0,"Hombre","fl. 1870-1899"
63550,"Mariezcurrena, Heribert",0,"Hombre","1846-1898"
63551,"Díaz de Mendoza, Fernando","1","Hombre","1862-1930"
63554,"Rodríguez-Solís, Enrique","23","Hombre","1844-1923"
63556,"Hebert, M. de",0,,"fl. 1862-1878"
63558,"Reyes, Arturo","11","Hombre","1863-1913"
63560,"Blasco, Justo",0,"Hombre","1850-1911"
63561,"Mesejo, Emilio","1","Hombre","1864-1931"
63562,"Navarro, Rafael","1","Hombre",
63563,"Reber, Franz von",0,"Hombre","1834-1919"
63565,"González Quijano, Onofre","1","Hombre",
63566,"Wrangel, Fredrik Ulrik Greve",0,"Hombre",
63567,"Rivas Cherif, Cipriano de","8","Hombre","1891-1967"
63570,"Baumann, Adolf",0,"Hombre","1829-1865"
63573,"Bretón, Tomás",0,"Hombre","1850-1923"
63574,"Rey, Miguel","1","Hombre",
63575,"López Monís, Antonio","1","Hombre","1875-1947"
63576,"Urraca I de León","1","Mujer","1081-1126"
63577,"Saldaña, Quintiliano","1","Hombre","1878-1938"
63578,"Miranda, Francisco de","1","Hombre","1750-1816"
63579,"Giacosa, Giuseppe","1","Hombre","1847-1906"
63581,"Pacheco y Mendoza, María","2","Mujer","1496-1531"
63583,"Pombo, Rafael","1","Hombre",
63585,"Fernández de Bethencourt, Francisco",0,"Hombre","1851-1916"
63586,"Fernández Bremón, José","2","Hombre","1839-1910"
63588,"Cano Tembleque, José","1","Hombre",
63603,"Bonilla y San Martín, Adolfo","1","Hombre","1875-1926"
63611,"Blavatsky, Helena Petrovna","4","Mujer","1831-1891"
63612,"Proust, Marcel","1","Hombre","1871-1922"
63622,"Sevilla Segura, Sergio","1","Hombre",
63623,"Roso de Luna, Mario","18","Hombre","1872-1931"
63624,"Masó, Salustiano","1","Hombre","1923-"
63626,"Cardona Castro, Francisco Luis","1","Hombre","1940-"
63627,"Montalbán, César Luis de","2","Hombre",
63632,"La Bruyère, Jean de","1","Hombre","1645-1696"
63636,"Flaubert, Gustave","1","Hombre","1821-1880"
63638,"Berges, Consuelo","1","Mujer","1905-1988"
63653,"Begtrup, Holger","1","Hombre",
63654,"Zulueta, Luis de","5","Hombre","1878-1964"
63655,"Espina, Concha","60","Mujer","1869-1955"
63656,"Zozaya, Antonio","9","Hombre","1859-1943"
63658,"Castro Alves, Antônio de","1","Hombre","1847-1871"
63659,"Villaespesa, Francisco","34","Hombre","1877-1936"
63662,"Mendilaharsu, Julio Raúl","1","Hombre","1887-1924"
63669,"Sawa, Alejandro","11","Hombre","1862-1909"
63670,"Vives",0,"Hombre",
63677,"Sienkiewicz, Henryk","1","Hombre","1846-1916"
63681,"Rivas","1","Hombre",
63682,"Villalón, Fernando","2","Hombre","1881-1930"
63686,"Sánchez Mazas, Rafael","1","Hombre","1894-1966"
63687,"Pérez Ferrero, Miguel","1","Hombre","1905-1978"
63688,"Torre, Guillermo de","1","Hombre","1900-1971"
63689,"Wiseman, Nicholas Patrick","1","Hombre",
63691,"Díez Mateo, Félix",0,"Hombre",
63694,"Cuevas, José",0,"Hombre",
63700,"Olózaga, Salustiano de","1","Hombre","1805-1873"
63701,"Alarcón y Meléndez, Julio","1","Hombre","1843-1924"
63703,"Wittelsbach, Adalbert,","1","Hombre","1886-1970"
63708,"Maura Gamazo, Gabriel,","1",,
63709,"Salillas, Rafael","2","Hombre","1854-1923"
63711,"Azcárate, Gumersindo de","2","Hombre","1840-1917"
63712,"Witteisbach, Adalbert,","1","Hombre",
63713,"Sánchez Moguel, Antonio","1","Hombre","1838-1913"
63714,"Arnillas de Font, María del Amparo","3","Mujer",
63717,"Ballester y Rocamora, Miquel",0,"Hombre",
63719,"Alcántara, Felipe",0,"Hombre","n. 1888"
63723,"Cossío y Gómez-Acebo, Manuel de","1","Hombre",
63724,"Lund, Hans","1","Hombre",
63725,"Marco, Fernando","5","Hombre","1885-1965"
63726,"Manniche, Peter","1","Hombre",
63727,"Calvo Yuste, Cándido",0,"Hombre",
63732,"Mallafré, Luis",0,"Hombre",
63737,"Diderot, Denis","1","Hombre","1713-1784"
63738,"Borja León, Ricardo","1","Hombre","1864-1930"
63739,"Alembert, Jean Le Rond d'","1","Hombre","1717-1783"
63740,"Borja, Luis A.","1","Hombre",
63745,"Rodríguez Huéscar, Antonio","1","Hombre",
63746,"García, Miguel Ángel","1","Hombre","1862?-1955"
63747,"Starobinski, Jean","1","Hombre","1920-2019"
63749,"López y López, José","1","Hombre",
63753,"Míguez, Juan Antonio","1","Hombre",
63761,"Goethe, Johann Wolfgang von","4","Hombre","1749-1832"
63763,"Garrido, Fanny","3","Mujer","1846-1917"
63765,"Maeterlinck, Maurice","2","Hombre","1862-1949"
63771,"Suárez Fernández, Luis","1","Hombre",
63791,"Saint-Simon, Louis de Rouvroy,","1","Hombre",
63795,"Calvo Serraller, Francisco","1","Hombre","1948-"
63800,"Precioso, Artemio","27","Hombre","1891-1945"
63808,"Bjørnson, Bjørnstjerne","1",,"1832-1910"
63809,"Balzac, Honoré de","2","Hombre","1799-1850"
63816,"Díez de Medina, Lucio","1","Hombre","1904-1960"
63817,"Revuelta, José Manuel","1","Hombre",
63818,"Arguedas, Alcides",0,"Hombre","1879-1946"
63820,"López Albújar, Enrique","1","Hombre","1872-1966"
63823,"Gil, Juan","1","Hombre","1939-"
63825,"Descartes, René","1","Hombre",
63827,"Comte, Auguste","1","Hombre",
63832,"Portnoff, George","1","Hombre","1892-"
63837,"Descola, Jean","1","Hombre","1909-1981"
63850,"Pérez Ramírez, Antonio","1","Hombre",
63851,"Vargas Llosa, Mario","1","Hombre","1936-"
63852,"Lorenzo, Félix","1","Hombre","1879-1933"
63858,"Castrovido, Roberto","1","Hombre","1864-1941"
63860,"Colás Laguía, Emilio","1","Hombre",
63861,"Darnell, Pedro","1","Hombre",
63864,"Sainz de Robles, Federico Carlos","1","Hombre","1898-1982"
63866,"Maurer de la Serna, Gaby","1","Mujer",
63867,"Llerena, Pedro","2","Hombre",
63868,"Bonsels, Waldemar","1","Hombre",
63870,"Varamsina, Natalia","1","Mujer",
63871,"Barthez, Charles","2","Hombre",
63872,"Mel'nikov, Pavel Ivanovich","1","Hombre","1819-1883"
63879,"Bernanos, Georges","1","Hombre","1888-1948"
63883,"Focillon, Henri","1","Hombre","1881-1943"
63884,"Bochkareva, Maria  Leontievna","1","Mujer","1889-1920"
63890,"Durand, Paul","1","Hombre","1925-1977"
63896,"Demaison, André","1","Hombre",
63906,"Mammeri, Mouloud","1","Hombre",
63907,"Fernández Flórez, Darío","2","Hombre","1909-1977"
63910,"Torrente, José-Vicente","1","Hombre","1920-2006"
63911,"Peyro Carrió, F.","1","Hombre","1881-1927"
63914,"Ikor, Roger","1","Hombre",
63923,"Alonso Cortés, Narciso","1","Hombre","1875-1972"
63943,"Fortún, Fernando","3","Hombre","1890-1914"
63951,"Carmona Nenclares, Francisco","1","Hombre","1901-1979"
63965,"Benedicto, José Manuel","1","Hombre",
63969,"Heredia, José María de","1","Hombre","1842-1905"
63986,"Brontë, Charlotte","1","Mujer","1816-1855"
63993,"Alarcón, Pedro Antonio de","1","Hombre","1833-1891"
63994,"Collins, Wilkie","1","Hombre","1824-1889"
64006,"Ruiz-Funes, Mariano","1","Hombre","1889-1953"
64007,"Du Maurier, George","1","Hombre",
64015,"Darby, Henry Cliford","1","Hombre",
64018,"Maura, Honorio","2","Hombre","1886-1936"
64020,"Sanchez Reyes",0,"Hombre",
64022,"Menéndez y Pelayo, Marcelino",0,"Hombre","1856-1912"
64024,"Luengo, Suceso","1","Mujer","1864-1931"
64025,"Sánchez Reyes, Enrique",0,"Hombre",
64027,"Pereda, José María de",0,"Hombre","1833-1906"
64031,"Gual, Adrià","2","Hombre","1872-1943"
64032,"Howarth, Elgar",0,"Hombre",
64033,"Morote, Luis","1","Hombre","1862-1913"
64034,"Vered, Ilana",0,"Hombre",
64035,"Reina, Manuel","13","Hombre","1856-1905"
64036,"Landauer, Walter",0,"Hombre",
64038,"Rawicz, Maryan",0,"Hombre","1898-1970"
64040,"Bath, Hubert",0,"Hombre","1883-1945"
64042,"Rachmaninoff, Sergei",0,"Hombre","1873-1943"
64044,"Addinsell, Richard",0,"Hombre","1904-1977"
64045,"Monasterio de Alonso-Martínez, Antonia de","2","Mujer","1870-?"
64059,"Bühler, Karl","1","Hombre",
64069,"Lacroix, Maurice","1","Hombre",
64073,"Sigismund, Berthold","1","Hombre",
64077,"Herder, Johann Gottfried von","1","Hombre","1744-1803"
64081,"Lehmann, Rudolf","1","Hombre",
64083,"Garrido, Fanny","1","Mujer","1856-1918"
64095,"Tiedemann, Dietrich","1","Hombre","1748-1803"
64097,"Valencia, María Dolores",0,"Mujer",
64100,"Oñate, María Pilar de",0,"Mujer",
64103,"Lobato, Arcadio",0,"Hombre",
64105,"Rodero, Paz",0,"Hombre","1957-"
64106,"Gutiérrez-Gamero y de Romate, Emilio","3","Hombre","1844-"
64111,"Urberuaga, Emilio",0,"Hombre","1954-"
64124,"Moya, Miguel","1","Hombre","1856-1920"
64141,"Mantovani, Annunzio Paolo",0,"Hombre","1905-1980"
64144,"Chaikovskiï, Piotr Ilich",0,"Hombre","1840-1893"
64146,"Strauss, Johann",0,"Hombre","1825-1899"
64149,"Gerard, John","1","Hombre","1564-1637"
64150,"Díaz-Caneja, Juan","1","Hombre","1877-1948"
64151,"Salas, Piedad de","1","Mujer","1897-1997"
64154,"Rostand, Maurice","1","Hombre","1891-1968"
64158,"Calvino, Vittorio","1","Hombre",
64163,"Cortines Murube, Felipe","4","Hombre","1883-1961"
64164,"Sagan, Françoise","1","Hombre","1935-2004"
64168,"Penna, Erminia de","1","Mujer",
64170,"D'Annunzio, Gabriele","1","Hombre","1863-1938"
64171,"Luciano de Samosata","1",,"(ca. 125-180 d. C.)"
64179,"Reyes, Raimundo de los","1","Hombre","1896-1964"
64188,"Heller, Otto","1","Hombre","1896-1970"
64192,"Román Pérez, Martiniano",0,"Hombre",
64194,"Lesgaft, E. F.","1",,
64198,"Chmelev, Ivan","1","Hombre",
64202,"Ognief, Nicolai","1","Hombre",
64204,"Jarnés, Benjamín","1","Hombre","1888-1949"
64210,"Quiroga Plá, José María","1","Hombre","1902-1955"
64214,"Nicolsky, Victor","1","Hombre",
64215,"Corral, Ricardo","1","Hombre",
64224,"Nikol'skii, Viktor Aleksandrovich","1","Hombre",
64225,"Valverde, Joaquín","3","Hombre","1846-1910"
64228,"Caballero Robredo, Félix","1","Hombre",
64233,"Arroyo Lamarca, Enrique","9","Hombre","1884-1963"
64236,"Burin, Ivan","1","Hombre",
64237,"Muñiz y Mas, Adelaida","1","Mujer",
64238,"Lavergne, R.","1",,
64239,"Zorrilla, José","2","Hombre","1817-1893"
64240,"Podgursky, E.","1",,
64246,"Sillanpää, Frans Eemil","1","Hombre","1888-1964"
64250,"Deledda, Grazia","1",,"1871-1936"
64254,"Velloso, José Miguel","1","Hombre","1921-"
64256,"Fernández, Ramón","1","Hombre",
64259,"Mora, Fernando","5","Hombre","1878-1936"
64260,"Martínez Calvo, L.","1",,
64262,"Bosch Barrett, Manuel","1","Hombre","1895-1961"
64263,"F. C.","1",,
64269,"Foronda, Ana-María de","1","Mujer",
64271,"Valserra, Fabricio","1","Hombre",
64273,"Lillanpaese, Frans Emikl","1","Hombre",
64275,"Bunin, Ivan Alekseevich","1","Hombre","1870-1953"
64279,"Faulkner, William","1","Hombre","1897-1962"
64280,"Barradas, Jorge","1","Hombre","(1894–1971)"
64281,"Kuprin, Aleksandr Ivanovich","1","Hombre","1870-1938"
64283,"Tasín, Nicolás","2","Hombre","1873-1941"
64291,"Carandell, José María","1","Hombre","1934-2003"
64293,"Järvinen, Tarja","1","Mujer",
64294,"Gongora y Ayustante, Manuel de","1","Hombre","1889-1953"
64298,"López-Portillo, José","7","Hombre","1850-1923"
64299,"Azurmendi, Andoni","1","Hombre",
64302,"Onís, Federico de","2","Hombre","1885-1966"
64306,"Flores, Ángel","1","Hombre","1900-"
64311,"Gogol', Nikolaï Vasil'evich","1","Hombre","1809-1852"
64316,"Afanas'ev, Aleksandr Nikolaevich","1","Hombre","1826-1871"
64319,"Horno Liria, Luis","1","Hombre","1915-2004"
64321,"Iribarne, José","1","Hombre",
64323,"Arconada, César","2","Hombre","1898-1964"
64326,"Carriedo de Ruiz, Carmen","1","Mujer","1880-1966"
64335,"Miró, Gabriel","2","Hombre","1879-1930"
64338,"Álvarez de Sotomayor y Zaragoza, José","1","Hombre",
64348,"Valle, Adrián del","1","Hombre",
64354,"Buendía, Rogelio","1","Hombre","1891-1969"
64363,"Marín, Ricardo","6","Hombre","1874-1956"
64366,"Savine, Albert","1","Hombre","1859-1927"
64368,"Francisco de Asís, Santo","4","Hombre","1182-1226"
64372,"Apollinaire, Guillaume","1","Hombre","1880-1918"
64377,"Garin-Mijaïlovskiï, Nikolaï Gueorguievich","1","Hombre",
64383,"Goncharov, Ivan Aleksandrovich","1","Hombre","1812-1891"
64386,"Cejador y Frauca, Julio","1","Hombre","1864-1927"
64389,"Seïfullina, Lidia Nikolaevna","1","Mujer",
64390,"Sorel, Georges","1","Hombre","1847-1922"
64395,"Zamiatin, Evgueniï Ivanovich","1","Hombre","1884-1937"
64397,"Ivanov, Vsevolod Viacheslavovich","1","Hombre",
64398,"Mello, Francisco Manuel de","1","Hombre","1608-1666"
64401,"Leonov, Leonid Maksimovich","1","Hombre","1899-1994"
64405,"Gil Roësset, Consuelo","4","Mujer","1905-1995"
64407,"Donato, Magda","5","Mujer","1898-1966"
64410,"Eulate Sanjurjo, Carmela","12","Mujer","1871-1961"
64415,"Souto, Arturo","2","Hombre","1900-"
64418,"Méndez, Concha","4","Mujer","1892-1986"
64419,"González, Manuel Pedro","1","Hombre","1893-"
64430,"Byron, George Gordon","2","Hombre","1788-1824"
64436,"Juan de la Cruz","1","Hombre","1542-1591"
64438,"Barrès, Maurice","1","Hombre",
64440,"Rienzo, Cola di","1","Hombre","d. 1354"
64442,"Riego, Rafael del","2","Hombre","1784-1823"
64444,"Vargas Vila, José María","1","Hombre","1860-1933"
64446,"Romea, Julián","1","Hombre",
64448,"Abella, Ángel","1","Hombre",
64454,"Nicéforo I","2","Hombre",
64456,"Gasset, Rafael","1","Hombre",
64458,"Ribas, Federico","2","Hombre",
64460,"Martínez Echevarría, Enrique","1","Hombre",
64461,"Llorente, Teodoro","1","Hombre",
64463,"Mitchell, Peter Chalmers","1","Hombre","1864-1945"
64470,"Wagner, Richard","1","Hombre","1813-1883"
64471,"Amunátegui Reyes, Miguel Luis","1","Hombre","1862-1949"
64472,"Torrejón, Andrés","1","Hombre","1736-1812"
64473,"Amunátegui, Miguel Luis","1",,"1828-1888"
64474,"Morales, Ambrosio de","1","Hombre","1513-591"
64476,"Meller, Raquel","1",,"1888-1962"
64477,"Bello, Andrés","1","Hombre","1781-1865"
64478,"Vázquez, Carlos","1","Hombre",
64479,"Sucre, Dolores","1","Mujer","1837-1917"
64480,"Hohenzollërn, Friedrich Wilhelm","1","Hombre",
64482,"Álvarez Alonso, Antonio","1","Hombre","1867-1903"
64489,"Salazar Chapela, Esteban","2","Hombre","1900-1965"
64492,"Daireaux, Max","1","Hombre","1883-"
64497,"Larra, Mariano José de","2",,"1809-1837"
64499,"Alarcón, Abel","1","Hombre","1881-1954"
64501,"Muñoz Escámez, José","9","Hombre",
64503,"Della Valle, Ángel","2","Hombre","1852-1903"
64511,"Defoe, Daniel","1","Hombre","1661?-1731"
64512,"Montero, José","1","Hombre","1878-1920"
64515,"Ortega Hernández, J.","3",,
64525,"Hader, Berta","1","Mujer",
64527,"Grimm, Jacob","4","Hombre","1785-1863"
64531,"Hader, Elmer","1","Hombre",
64532,"Sánchez, Florencio","1","Hombre","1875-1910"
64537,"Pereda, María Fernanda de","1","Mujer",
64539,"Solar, Alberto del","1","Hombre","1860-1920"
64541,"Kowalski, J. J.","1",,
64543,"Malharro, Martín","1","Hombre","1865-1911"
64544,"Renard, Jules","1","Hombre","1864-1910"
64547,"Mayne-Reid, Thomas","1","Hombre","1818-1883"
64549,"Serra Pausas, Juan","1","Hombre","fl. 1875-1900"
64555,"Schmid, Christoph von","9","Hombre","1768-1854"
64557,"Picolo, Manuel","7","Hombre","1855-1912"
64563,"Salgari, Emilio","5","Hombre","1862-1911"
64565,"Enco de Valero, Tatiana","8","Mujer","[1870-1930]"
64568,"Crocker, Marion A.","1","Mujer",
64571,"Calderón de Barnés, Maria Luisa","2",,"1912"
64576,"Héctor de Zaballa, Julia","6","Mujer","1899?-1932"
64581,"Kany, Charles Emil",0,"Hombre","1895-"
64585,"Maeztu, María de","4","Mujer",
64601,"Canals y Vilaró, Salvador","1","Hombre","1867-1938"
64602,"Barella, Francisca A. de la","5","Mujer",
64605,"Díez Barroso, Víctor Manuel","1","Hombre","1890-1936"
64615,"Sepúlveda, María","1","Mujer",
64622,"Salas Lifchuz, Piedad de","4","Mujer","1897-1997"
64626,"Vasseur, Alvaro Armando","1","Hombre","1878-1969"
64629,"Andersen, Hans Christian","2","Hombre","1805-1875"
64630,"Hawthorne, Nathaniel","1",,"1804-1864"
64633,"Poe, Edgar Allan","1","Hombre","1809-1849"
64634,"Méndez Bringa, Narciso","14","Hombre","1868-1933"
64635,"Ramírez Ángel, Emiliano","18","Hombre","1883-1928"
64636,"Lacoste, Eugene","1","Hombre","1818-1907"
64638,"Ourliac, Édouard","1","Hombre","1813-1848"
64640,"Grimm, Wilhelm","4","Hombre","1786-1859"
64646,"Sánchez Tena, J.","1","Hombre","1898-1931"
64649,"Valdez de la Torre, Carlos","1","Hombre","1884-"
64651,"Whitman, Walt","1","Hombre","1819-1892"
64657,"Pérez Lugín, Alejandro","1","Hombre","1870-1926"
64658,"Trueba, Antonio de","5","Hombre","1819-1889"
64662,"Bastinos, Julián","1","Hombre","1852-1918"
64668,"Urrabieta, Mariano","1","Hombre",
64671,"Verne, Jules","1","Hombre","1828-1905"
64675,"Amato, Gennaro","1","Hombre","1857-1947"
64677,"Corona, Elías","1","Hombre","fl.1908"
64685,"Alegret de Mesa, José","1","Hombre",
64687,"Janin, Jules Gabriel","1","Hombre","1804-1874"
64688,"Uribe Ángel, Manuel","1","Hombre","1822-1904"
64689,"Fénelon, François de","3","Hombre","1651-1715"
64698,"Carderera, Mariano","1","Hombre","1816-1893"
64700,"Estorch i Siqués, Pau","1","Hombre","1805-1870"
64701,"Millán Astray, Pilar","13","Mujer","1879-1949"
64702,"Parravicini, Luigi Alessandro","1","Hombre","1797-1880"
64707,"Calleja, Saturnino","2","Hombre","1853-1915"
64708,"Isaza, Emiliano","1","Hombre","1850-1930"
64709,"Fornarí, Pasquale","1","Hombre","1837-1922"
64710,"Miguel Ángel","1",,
64720,"González Martínez, Enrique","1","Hombre","1871-1952"
64722,"Sand, George","2","Mujer","1804-1876"
64740,"González-Blanco, Andrés","23","Hombre","1886-1924"
64742,"Navarro y Ledesma, Francisco","1","Hombre","1869-1905"
64746,"Asenjo Barbieri, Francisco","1","Hombre","1823-1894"
64748,"Larra, Luis Mariano de","1","Hombre","1830-1901"
64750,"Moyrón, Julián","1","Hombre","1883-1935"
64764,"Cuadrado Carreño, Anselmo","1","Hombre","1890-1952"
64772,"Pérez Rosillo, Ernesto","1","Hombre","1893-1968"
64775,"Alonso, Francisco","2","Hombre","1887-1948."
64779,"Rebollo de Moro, Manuel","1","Hombre",
64780,"Santos Pérez, F.","1",,
64781,"Mantuà, Gaston A.","1","Hombre",
64783,"Amich i Bert, Josep","1","Hombre","1888-1965"
64787,"Romera López, José","1","Hombre",
64799,"Ramírez, Emilio","1","Hombre",
64809,"Cadenas, José Juan","2","Hombre","1872-1947"
64814,"Ángel Álvarez, Manuel","6","Hombre","1855-1921"
64817,"Losada, J.","1",,"d. 1913."
64818,"García Gómez Caminero, Juan","1",,
64822,"Díaz Huertas, Ángel","6","Hombre","1866-1937"
64823,"Gómez, Julio","1","Hombre","1886-1973"
64828,"Palencia, Ceferino","1","Hombre","1860-1928"
64829,"Coloma, Luis","4","Hombre","1851-1915"
64834,"Carballeda, Manuel","1","Hombre",
64838,"Viguri, Encarnación de","1","Mujer","1896-1933"
64842,"Gallardo Martín-Gamero, Carmen","1","Mujer",
64845,"Villasante, Matilde","1","Mujer",
64855,"Sirval, Luis de","1","Hombre",
64856,"Basa, Leopoldo","1","Hombre",
64859,"Pascual de Sanjuán, Pilar","2","Mujer","1827-1899"
64863,"López Rubio, José","1","Hombre","1903-1996"
64869,"Morales, María Luz","38","Mujer","1890-1980"
64870,"Fernández Lepina, Antonio","1",,"1881-1943"
64871,"Benavent, Ricardo","1","Hombre","1848-"
64874,"Palomero, Antonio","2","Hombre","1869-1914"
64878,"Soto y Corro González, Carolina de","1","Mujer","1860-1924?"
64879,"Romero, Modesto","1","Hombre","1883-1954"
64880,"Sánchez Carrere, Adolfo","2","Hombre","1883-1941"
64887,"Daudet, Alphonse","3","Hombre","1840-1897"
64888,"Sawa, Miguel","2","Hombre","1866-1910"
64892,"Torre, Claudio de la","4","Hombre","1895-1973"
64894,"Peña y Goñi, Antonio","2","Hombre","1846-1896"
64897,"Valero de Tornos, Juan","1","Hombre","(1842-1905)"
64900,"Ribas, Manuel","1","Hombre",
64903,"Estremera, Antonio","1","Hombre","1884-1938"
64904,"Navarro Serrano, León","1","Hombre",
64908,"Forns, José","1","Hombre","1898-1952"
64909,"Poggio, Oreste","1","Hombre","1860-"
64916,"Tedeschi, Enrico","1","Hombre","1868-"
64917,"Villa, Ricardo","2","Hombre","1847-1881"
64918,"García Sánchez, Ramón","1","Hombre","d. 1885."
64928,"Verga, Giovanni","1","Hombre","1840-1922"
64930,"Martínez Álvarez de Sotomayor, José","1","Hombre",
64933,"Tarride, Abel Anatole","1","Hombre","1865-"
64934,"Croisset, Francis de","1","Hombre","1877-1937"
64941,"Brú, Enrique","2","Hombre","1873-1951"
64942,"Vela Marqueta, Cayo","2","Hombre","1885-1937"
64943,"Baldomir Rodríguez, Xosé","1","Hombre","1867-1947"
64946,"Vidal y Planas, Alfonso","7","Hombre","1891-1965"
64956,"Rojas Zorrilla, Francisco de","1","Hombre","1607-1648"
64960,"Prada, José Andrés de","1","Hombre","1884-1962"
64962,"Pérez Fernández, Pedro","3","Hombre","1885-1956"
64965,"Casado Pardo, José","1","Hombre","(¿--1936)"
64971,"Plañiol, Antonio","1","Hombre",
64977,"Fernández Gutiérrez-Roig, Enrique","1","Hombre","m. 1960"
64978,"Joke, Robert Pleasant","1","Hombre",
64987,"Sánchez Gerona, José","2","Hombre",
64991,"Asensio Más, Ramón","5","Hombre","1878-1917"
64992,"Gimeno Sanchiz, Francisco","1","Hombre",
64997,"Marañón, Gregorio","3","Hombre","1887-1960"
64999,"Cánovas del Castillo, Antonio","3","Hombre","1828-1897"
65003,"Santullano, Luis","1","Hombre","1879-1952"
65005,"Montesquieu, Charles de Secondat","1","Hombre","1689-1755"
65011,"Astur, Eugenia","1","Mujer","1888-1947"
65013,"Twain, Mark","1","Hombre","1835-1910"
65016,"Eliot, George","1","Mujer","1819-1880"
65018,"Guerra, Ángel","4","Hombre","1874-1950"
65021,"Hinojosa, José María","1","Hombre","1904-1936"
65027,"Miller, Paul Gerard","1","Hombre","1875-"
65029,"La Rochefoucauld, François","1","Hombre","1613-1680"
65031,"Lopes da Silva, José","1","Hombre",
65033,"Mujía, Ricardo","1","Hombre","1861-"
65039,"Malaparte, Curzio","1","Hombre","1898-1957"
65048,"Blanco y García, Andrés","2","Hombre","1849-1916"
65058,"Cáncer y Velasco, Jerónimo de","1","Hombre","1599?-1655"
65059,"Moreto, Agustín","1","Hombre","1618-1669"
65062,"Musset, Alfred de","1","Hombre","1810-1857"
65064,"Alfau de Solalinde, Jesusa","1","Mujer","1895-1943"
65065,"Campión, Arturo","1","Hombre","1854-1937"
65072,"Sureda, Jacobo","1","Hombre","1901-1935"
65076,"Torre, Josefina de la","1","Mujer","1907-2002"
65092,"Andrade, Juan Bautista","1",,"1879-1930"
65095,"Fóscolo, Ugo","1","Hombre","1778-1827"
65099,"Fernández de Retana, Luis","1","Hombre",
65105,"Corpus Barga","4","Hombre","1887-1975"
65111,"Linares Rivas, Aureliano","1","Hombre","1841-1903"
65114,"Huerta, Moisés de","1","Hombre","1881-1962"
65115,"Domenchina, Juan José","2","Hombre","1898-1959"
65117,"Aguilar Camacho, Juan","1","Hombre",
65120,"Flaubert, Gustav","1","Hombre","1821-1880"
65124,"Veríssimo, José","1","Hombre","1857-1916"
65126,"Hume, Martin","1","Hombre","1847-1910"
65132,"Serrano, Mary Jane","1","Mujer","d. 1923"
65136,"La Torre, José Z.","1","Hombre",
65137,"Gautier, Théophile","1","Hombre","1811-1872"
65139,"Bodé, Raphael","1","Hombre",
65140,"Ferrero, Guglielmo","2","Hombre","1871-1942"
65143,"León, Fray Luis de","1","Hombre","1527-1591"
65145,"Høffding, Harald","1","Hombre","1843-1931"
65148,"Hurtado, Antonio","1","Hombre","1824-1878"
65153,"Pérez, Elisa","1","Mujer",
65155,"Keyserling, Hermann","1","Hombre","1880-1946"
65160,"Primo de Rivera, Miguel","3","Hombre","1870-1930"
65164,"López, José Heriberto","1",,"1871-"
65166,"Sor María de Ágreda","2","Mujer","1602-1665"
65175,"Starck, Gretchen (Todd)","1","Hombre",
65193,"Adams, Nicholson B.","2","Hombre","1895-1970."
65196,"Stoudemire, Sterling A.","1","Hombre","1902-"
65199,"Lagerlöf, Selma","1","Mujer","1858-1940"
65202,"Carette, Madame","1","Mujer","(1844--)"
65203,"Barella, Francisca A. de la","1","Mujer",
65212,"Pozo y de Mata, María de los Dolores del","1","Mujer","1852-1907"
65214,"Costa, Joaquín","6","Hombre","1846-1911"
65217,"Alarcón Capilla, Antonio","1","Hombre",
65223,"Valero Martín, Alberto","2","Hombre","1882-1941"
65226,"Cueto, Leopoldo Agusto de","1","Hombre","1815-1901"
65230,"Campo, José María Luis Bruna, marqués de","1","Hombre","1877-1916"
65235,"Santa María, Marceliano","1","Hombre","1866-1952"
65238,"Díaz, Ramón M.","1","Hombre",
65240,"Belda, Joaquín","2","Hombre","1883-1935"
70801,"Montoto, Ángel","1","Hombre","1949-2015"
70802,"León Felipe","1","Hombre","1884-1968"
70822,"García Padrino, Jaime","1","Hombre",
70824,"Martín Gaite, Carmen","1","Mujer","1925-2000"
104345,"Ernestina de Champourcín",0,"Mujer","1905-1999"
104346,"Josefina Romo Arregui",0,"Mujer","1909-1979"
104348,"Carmen Conde",0,"Mujer","1907-1996"
104349,"Concha Peña",0,"Mujer",
104351,"Rosa Arciniega",0,"Mujer","1903-1999"
104353,"Halma Angélico",0,"Mujer","1888-1952"
104503,"Narro, Josep","1","Hombre","1902-1996"
112656,"Torres del Álamo, Ángel","1","Hombre","1890-1958"
112657,"Canalejas, José María","1","Hombre","1904-1936"
112658,"Almagro de San Martín, Melchor","1","Hombre","1887-1947"
112660,"Insúa, Sara","4","Mujer",
112661,"Pujol, Juan","14","Hombre","1883-1967"
112662,"Domingo Marcelino","3","Hombre","1884-1939"
112663,"Milla, Fernando de la","1","Hombre","1895–1961"
112664,"García Martí, Victoriano","1","Hombre","1881-1966"
112667,"Díaz-Caneja, Guillermo","1","Hombre","1876-1933"
112668,"Bruno, José","6","Hombre","1889-197?"
112669,"Guzmán, Martín Luis","1","Hombre","1887-1976"
112670,"Micó, Carlos","1","Hombre","1886-1982"
112671,"Pérez de la Ossa, Huberto","1","Hombre",
112672,"Castro Tiedra, Manuel de","1","Hombre","1872-1953"
112673,"Benlliure y Tuero, Mariano","4","Hombre","1889-1951"
112675,"Martí Orberá, Rafael","2","Hombre","1880-1963"
112677,"Díaz Fernández, José","1","Hombre","1898-1941"
112679,"Tomás, Mariano","4","Hombre","1890-1957"
112680,"González de Linares, Antonio","2","Hombre","1875-1945"
112681,"Morales, Rafael de","3","Hombre",
112682,"López Rienda, Rafael","4","Hombre","1897-1928"
112683,"Sánchez-Guerra, Rafael","3","Hombre","1897-1964"
112684,"Retana, Álvaro","17","Hombre","1890-1970"
112685,"Martínez de la Riva, Rafael","1","Hombre",
112686,"Juarros, César","4","Hombre","1879-1942"
112687,"Ortega y Gasset, Eduardo","1","Hombre","1882-1964"
112688,"Luque, Fernando","1","Hombre",
112690,"Ferragut, Juan","14","Hombre",
113402,"Valdés, Francisco","4","Hombre","1892-1936"
113404,"Fernández Sastre, Augusto","2",,"1887-1975"
113405,"García Asenjo, Ataúlfo","10","Hombre",
113406,"Casero Sanz, Antonio","5","Hombre",
113407,"Picó, José","3","Hombre","1904-1991"
113408,"Manchón,  Ramón","2","Hombre","1883-1953"
113409,"Ramírez Montesinos","13","Hombre","1889-1935"
113410,"Sanz, Luis","1","Hombre","1902-1996"
113501,"Izquierdo Durán, José","2","Hombre","1890-1939"
113502,"Esteban","5","Hombre",
113503,"Xauradó, Joaquín","2","Hombre","1872-1933"
113504,"Bellón, Antonio","1","Hombre","1904-1991"
113505,"Tovar, Manuel","1","Hombre","1875-1935"
113506,"Garrido","2",,
113507,"Ernesto","1","Hombre",
113508,"Fuentes, R.","1",,
113509,"Soler Belenguer","1","Hombre",
113510,"Almada Negreiros, José de","1","Hombre","1893-1970"
113511,"Montero Alonso, José","1","Hombre","1904-2000"
113512,"Solís Ávila, Antonio","5","Hombre","1899-1968"
113513,"Amster, Mauricio","2","Hombre","1907-1980"
113514,"Simont Guillén, Josep","2","Hombre","1875-1968"
113515,"Juez, Antonio","7","Hombre",
113516,"Rodríguez Domínguez, Rafael",0,"Hombre",
113517,"Redondo, Manuel","1","Hombre","1863-1928"
113518,"Ponsá, Álvaro","1","Hombre",
113523,"López Amor","1",,
113525,"Alvear","1",,
113526,"Lafuente, Ángel de","1","Hombre","1884-1930"
113527,"Benet","1",,
113528,"Mel","1",,
113529,"Robledano, José","1","Hombre","1884-1974"
113530,"López Vargas, Demetrio","1","Hombre","1886-1960"
113531,"Aristo Téllez","3","Hombre","1888-1951"
113532,"Gazo, Félix","1","Hombre","1889-1933"
113533,"Pomareda","1","Hombre",
113534,"Zamora, José","1","Hombre","1889-1971"
113535,"Sánchez Felipe, A.","1","Hombre",
113536,"Karikato","1","Hombre","1875-1941"
113537,"Echea","1","Hombre","1884-1959"
113538,"Gil de Vicario, Luis","1","Hombre","1898-1959"
113539,"Mansberger","1",,
113540,"Sirio, Alejandro","1","Hombre","1890-1953"
113541,"Arribas","1",,
113542,"Riudavets, Julio","1","Hombre",
113543,"Bluff","1",,"1903-1940"
113544,"Herreros, Enrique",0,"Hombre","1903-"
113545,"Masberger, Carlos","1","Hombre","1902-1969"
113546,"Moliné, Antonio","1","Hombre","1907-1937"
113547,"Bradley, Will H.","1","Hombre",
113548,"Riquer","1","Hombre",
113601,"Martínez de León, Andrés","1","Hombre","1895-1978"
113701,"Cañavate, Antonio","1","Hombre",
113704,"Mel","1",,"1898-1970?"
113706,"Ferxama","1",,
113707,"Medel, N.","1",,
113709,"Muñiz, Angelina",0,"Mujer",
113710,"Arnáiz, Aurora",0,"Mujer",
113711,"Albornoz, Aurora de",0,"Mujer",
113712,"O´Neill, Carlota",0,"Mujer",
113713,"Zulueta, Carmen de",0,"Mujer",
113714,"Parga Parada, Carmen",0,"Mujer",
113715,"Soler Llopis, Carmen",0,"Mujer",
113716,"Guilarte, Cecilia G. de",0,"Mujer",
113717,"Simarro, Conxita",0,"Mujer",
113718,"Tejero, Delhy",0,"Mujer",
113719,"Ibárruri, Dolores",0,"Mujer",
113720,"Medrano, Guillermina",0,"Mujer",
113721,"Falcón, Irene",0,"Mujer",
113722,"García Lorca, Isabel",0,"Mujer",
113723,"Ríos Lazcano, Isabel",0,"Mujer",
113724,"Rucar, Jeanne",0,"Mujer",
113725,"Carnés, Luisa",0,"Mujer",
113726,"Casares , María",0,"Mujer",
113728,"Tobío, María",0,"Mujer",
113729,"Zambrano, María",0,"Mujer",
113730,"Ras, Matilde",0,"Mujer",
113731,"Núñez Targa, Mercedes",0,"Mujer",
113732,"Zubiaurre, Pilar de",0,"Mujer",
113733,"Rius, Pilar",0,"Mujer",
113734,"Oliva Berenguer, Remedios",0,"Mujer",
113735,"Chacel, Rosa",0,"Mujer",
113736,"Mistral, Silvia",0,"Mujer",
113737,"Alonso Bruffau, Syra",0,"Mujer",
113738,"Alvajar López, Teresa",0,"Mujer",
113739,"Medina-Navascués, Teresa",0,"Mujer",
113740,"Kent, Victoria",0,"Mujer",
114509,"Otero Seco, Antonio",0,"[Hombre, Hombre]","[1905-1970, 1905-1970]"
114510,"Barea, Arturo",0,"Hombre","1897-1957"
115702,"Ontañón, Santiago","1","Hombre","1903-1989"
115703,"Torres Carranque, Rafael",0,"Hombre","1899-1990"
155801,"Reyes Huertas, Antonio","1","Hombre","1887-1952"
